image_name,label
10004.jpg,4
10005.jpg,4
10012.jpg,4
10013.jpg,4
10017.jpg,4
10021.jpg,4
1003.jpg,4
10034.jpg,4
10038.jpg,4
10040.jpg,4
10043.jpg,4
10045.jpg,4
10047.jpg,4
10048.jpg,4
10052.jpg,4
10054.jpg,4
10059.jpg,4
10060.jpg,4
10066.jpg,4
10069.jpg,4
10073.jpg,4
10079.jpg,4
1008.jpg,4
10082.jpg,4
10083.jpg,4
10090.jpg,4
10092.jpg,4
10096.jpg,4
101.jpg,4
10100.jpg,4
10101.jpg,4
10102.jpg,4
10106.jpg,4
10109.jpg,4
10119.jpg,4
10124.jpg,4
10127.jpg,4
10129.jpg,4
10132.jpg,4
10133.jpg,4
10147.jpg,4
10157.jpg,4
10158.jpg,4
10159.jpg,4
1016.jpg,4
10164.jpg,4
10166.jpg,4
10168.jpg,4
10169.jpg,4
10171.jpg,4
10173.jpg,4
10175.jpg,4
10178.jpg,4
10179.jpg,4
1018.jpg,4
10187.jpg,4
10190.jpg,4
10199.jpg,4
1020.jpg,4
10201.jpg,4
10208.jpg,4
10209.jpg,4
10211.jpg,4
10212.jpg,4
10225.jpg,4
10226.jpg,4
10232.jpg,4
10233.jpg,4
10241.jpg,4
10243.jpg,4
10244.jpg,4
10246.jpg,4
10247.jpg,4
10253.jpg,4
1026.jpg,4
10261.jpg,4
10269.jpg,4
10270.jpg,4
10272.jpg,4
10276.jpg,4
10277.jpg,4
10282.jpg,4
10284.jpg,4
10286.jpg,4
10287.jpg,4
10288.jpg,4
10290.jpg,4
10292.jpg,4
10293.jpg,4
103.jpg,4
10302.jpg,4
10305.jpg,4
10307.jpg,4
10308.jpg,4
10311.jpg,4
10321.jpg,4
10333.jpg,4
10336.jpg,4
10339.jpg,4
10340.jpg,4
10342.jpg,4
10352.jpg,4
10356.jpg,4
1036.jpg,4
10360.jpg,4
10363.jpg,4
10366.jpg,4
1037.jpg,4
10371.jpg,4
10375.jpg,4
10377.jpg,4
10381.jpg,4
10388.jpg,4
1039.jpg,4
10390.jpg,4
10391.jpg,4
10395.jpg,4
10397.jpg,4
10400.jpg,4
10401.jpg,4
10405.jpg,4
10406.jpg,4
10409.jpg,4
10410.jpg,4
10413.jpg,4
10414.jpg,4
10415.jpg,4
10419.jpg,4
10423.jpg,4
10424.jpg,4
10425.jpg,4
10427.jpg,4
10434.jpg,4
10435.jpg,4
10436.jpg,4
10437.jpg,4
10439.jpg,4
10445.jpg,4
10447.jpg,4
10457.jpg,4
10458.jpg,4
1046.jpg,4
10461.jpg,4
10469.jpg,4
10471.jpg,4
10475.jpg,4
10477.jpg,4
10478.jpg,4
10479.jpg,4
1048.jpg,4
10481.jpg,4
10484.jpg,4
10486.jpg,4
1049.jpg,4
10498.jpg,4
10501.jpg,4
1051.jpg,4
10512.jpg,4
1052.jpg,4
10522.jpg,4
10523.jpg,4
1053.jpg,4
10530.jpg,4
10531.jpg,4
10534.jpg,4
10535.jpg,4
10538.jpg,4
10545.jpg,4
10549.jpg,4
10557.jpg,4
10558.jpg,4
10560.jpg,4
10561.jpg,4
10568.jpg,4
10572.jpg,4
10579.jpg,4
10583.jpg,4
10585.jpg,4
10586.jpg,4
10587.jpg,4
10590.jpg,4
10591.jpg,4
10593.jpg,4
1060.jpg,4
1061.jpg,4
10612.jpg,4
10614.jpg,4
10615.jpg,4
10622.jpg,4
10625.jpg,4
10629.jpg,4
10631.jpg,4
10634.jpg,4
10638.jpg,4
10649.jpg,4
10651.jpg,4
10652.jpg,4
10657.jpg,4
1066.jpg,4
10660.jpg,4
10669.jpg,4
10674.jpg,4
10675.jpg,4
10676.jpg,4
10677.jpg,4
10679.jpg,4
10680.jpg,4
10682.jpg,4
10685.jpg,4
10694.jpg,4
10696.jpg,4
10698.jpg,4
1070.jpg,4
10700.jpg,4
10701.jpg,4
10702.jpg,4
10708.jpg,4
1071.jpg,4
10712.jpg,4
1072.jpg,4
10726.jpg,4
10733.jpg,4
10734.jpg,4
10737.jpg,4
10742.jpg,4
10746.jpg,4
10748.jpg,4
10749.jpg,4
10755.jpg,4
10758.jpg,4
1076.jpg,4
10760.jpg,4
10762.jpg,4
10764.jpg,4
10768.jpg,4
10769.jpg,4
10771.jpg,4
10782.jpg,4
10785.jpg,4
10797.jpg,4
10799.jpg,4
10806.jpg,4
10807.jpg,4
1081.jpg,4
10813.jpg,4
10814.jpg,4
10816.jpg,4
10817.jpg,4
10818.jpg,4
10819.jpg,4
1082.jpg,4
10823.jpg,4
10829.jpg,4
1083.jpg,4
10830.jpg,4
10836.jpg,4
10839.jpg,4
1084.jpg,4
10843.jpg,4
10844.jpg,4
10855.jpg,4
10858.jpg,4
1086.jpg,4
10860.jpg,4
10864.jpg,4
10866.jpg,4
10869.jpg,4
10871.jpg,4
10873.jpg,4
10875.jpg,4
10879.jpg,4
10880.jpg,4
10885.jpg,4
10888.jpg,4
10890.jpg,4
10893.jpg,4
10894.jpg,4
10897.jpg,4
10901.jpg,4
10905.jpg,4
10906.jpg,4
10910.jpg,4
10913.jpg,4
10914.jpg,4
10918.jpg,4
10919.jpg,4
1092.jpg,4
10920.jpg,4
10923.jpg,4
10930.jpg,4
10931.jpg,4
10933.jpg,4
10934.jpg,4
10939.jpg,4
10944.jpg,4
10945.jpg,4
10949.jpg,4
1095.jpg,4
10952.jpg,4
10956.jpg,4
10957.jpg,4
10960.jpg,4
10964.jpg,4
10968.jpg,4
10969.jpg,4
10976.jpg,4
10979.jpg,4
10981.jpg,4
10987.jpg,4
10988.jpg,4
10989.jpg,4
10991.jpg,4
10998.jpg,4
10999.jpg,4
11.jpg,4
110.jpg,4
11000.jpg,4
11001.jpg,4
11005.jpg,4
11009.jpg,4
1101.jpg,4
11012.jpg,4
11013.jpg,4
11014.jpg,4
11015.jpg,4
11017.jpg,4
1102.jpg,4
11021.jpg,4
11022.jpg,4
11025.jpg,4
11031.jpg,4
11038.jpg,4
11059.jpg,4
11061.jpg,4
11065.jpg,4
11067.jpg,4
11071.jpg,4
11073.jpg,4
11078.jpg,4
11079.jpg,4
11082.jpg,4
11087.jpg,4
1109.jpg,4
11091.jpg,4
11101.jpg,4
11102.jpg,4
11103.jpg,4
11104.jpg,4
11105.jpg,4
11109.jpg,4
11115.jpg,4
11119.jpg,4
11120.jpg,4
11121.jpg,4
11123.jpg,4
11126.jpg,4
1113.jpg,4
11130.jpg,4
11135.jpg,4
11137.jpg,4
1114.jpg,4
11145.jpg,4
11147.jpg,4
11153.jpg,4
11155.jpg,4
11158.jpg,4
11159.jpg,4
11163.jpg,4
11166.jpg,4
11167.jpg,4
11170.jpg,4
11172.jpg,4
11174.jpg,4
11175.jpg,4
11179.jpg,4
1119.jpg,4
11191.jpg,4
11192.jpg,4
11193.jpg,4
11194.jpg,4
11195.jpg,4
11201.jpg,4
11205.jpg,4
11208.jpg,4
11210.jpg,4
11214.jpg,4
11216.jpg,4
11222.jpg,4
11224.jpg,4
11227.jpg,4
1123.jpg,4
11230.jpg,4
11240.jpg,4
11242.jpg,4
11243.jpg,4
11245.jpg,4
11248.jpg,4
1125.jpg,4
11250.jpg,4
11252.jpg,4
11256.jpg,4
11258.jpg,4
11260.jpg,4
11269.jpg,4
11273.jpg,4
11285.jpg,4
11298.jpg,4
11299.jpg,4
1130.jpg,4
11301.jpg,4
11308.jpg,4
11318.jpg,4
11322.jpg,4
11324.jpg,4
11328.jpg,4
11330.jpg,4
11335.jpg,4
11337.jpg,4
11341.jpg,4
11353.jpg,4
11356.jpg,4
11357.jpg,4
1136.jpg,4
11361.jpg,4
11370.jpg,4
11386.jpg,4
11391.jpg,4
11392.jpg,4
11394.jpg,4
11397.jpg,4
11399.jpg,4
11403.jpg,4
11408.jpg,4
1141.jpg,4
11411.jpg,4
11420.jpg,4
11422.jpg,4
11423.jpg,4
11427.jpg,4
1143.jpg,4
11430.jpg,4
11431.jpg,4
11433.jpg,4
11435.jpg,4
11443.jpg,4
11444.jpg,4
11445.jpg,4
11449.jpg,4
11454.jpg,4
11461.jpg,4
11462.jpg,4
11463.jpg,4
11478.jpg,4
11481.jpg,4
11485.jpg,4
11486.jpg,4
11488.jpg,4
11496.jpg,4
1150.jpg,4
11500.jpg,4
11501.jpg,4
11509.jpg,4
11511.jpg,4
11517.jpg,4
11520.jpg,4
11521.jpg,4
11525.jpg,4
11527.jpg,4
11529.jpg,4
11531.jpg,4
11533.jpg,4
11538.jpg,4
11540.jpg,4
11546.jpg,4
11547.jpg,4
11548.jpg,4
11549.jpg,4
11551.jpg,4
11564.jpg,4
11565.jpg,4
11566.jpg,4
11571.jpg,4
11572.jpg,4
11573.jpg,4
11574.jpg,4
11575.jpg,4
11576.jpg,4
11577.jpg,4
1158.jpg,4
11580.jpg,4
11581.jpg,4
11584.jpg,4
11585.jpg,4
11588.jpg,4
11589.jpg,4
11593.jpg,4
11596.jpg,4
11603.jpg,4
11607.jpg,4
11615.jpg,4
11617.jpg,4
11619.jpg,4
1162.jpg,4
11623.jpg,4
11633.jpg,4
11634.jpg,4
11638.jpg,4
1164.jpg,4
11643.jpg,4
11645.jpg,4
11648.jpg,4
11651.jpg,4
1166.jpg,4
11666.jpg,4
11668.jpg,4
11671.jpg,4
11674.jpg,4
11678.jpg,4
1168.jpg,4
11682.jpg,4
11686.jpg,4
11688.jpg,4
1169.jpg,4
11693.jpg,4
11695.jpg,4
117.jpg,4
1170.jpg,4
11703.jpg,4
11704.jpg,4
11705.jpg,4
11711.jpg,4
11715.jpg,4
11720.jpg,4
11726.jpg,4
11729.jpg,4
1173.jpg,4
11730.jpg,4
11738.jpg,4
1174.jpg,4
11742.jpg,4
11752.jpg,4
11756.jpg,4
11757.jpg,4
11758.jpg,4
1176.jpg,4
11761.jpg,4
11763.jpg,4
11766.jpg,4
11767.jpg,4
11769.jpg,4
11771.jpg,4
11773.jpg,4
11776.jpg,4
11778.jpg,4
11781.jpg,4
11789.jpg,4
11791.jpg,4
11792.jpg,4
11793.jpg,4
11798.jpg,4
1180.jpg,4
11802.jpg,4
11805.jpg,4
11809.jpg,4
11811.jpg,4
11817.jpg,4
11818.jpg,4
11819.jpg,4
11820.jpg,4
11822.jpg,4
11832.jpg,4
11835.jpg,4
11838.jpg,4
11839.jpg,4
11848.jpg,4
11849.jpg,4
11853.jpg,4
11854.jpg,4
11863.jpg,4
1187.jpg,4
11870.jpg,4
11874.jpg,4
11879.jpg,4
11881.jpg,4
11884.jpg,4
11885.jpg,4
11886.jpg,4
11890.jpg,4
11891.jpg,4
11895.jpg,4
11897.jpg,4
119.jpg,4
1190.jpg,4
11900.jpg,4
11901.jpg,4
11903.jpg,4
11904.jpg,4
11907.jpg,4
11909.jpg,4
11912.jpg,4
11915.jpg,4
11916.jpg,4
11919.jpg,4
11920.jpg,4
11930.jpg,4
11935.jpg,4
11942.jpg,4
11948.jpg,4
11949.jpg,4
11950.jpg,4
11953.jpg,4
11958.jpg,4
11962.jpg,4
11965.jpg,4
11968.jpg,4
1197.jpg,4
11971.jpg,4
11972.jpg,4
11975.jpg,4
11983.jpg,4
11984.jpg,4
11995.jpg,4
11996.jpg,4
11997.jpg,4
11998.jpg,4
1200.jpg,4
12006.jpg,4
12012.jpg,4
12015.jpg,4
12017.jpg,4
1202.jpg,4
12022.jpg,4
12023.jpg,4
12026.jpg,4
12033.jpg,4
12036.jpg,4
12037.jpg,4
12041.jpg,4
12045.jpg,4
12052.jpg,4
12056.jpg,4
12057.jpg,4
1206.jpg,4
12061.jpg,4
12062.jpg,4
1207.jpg,4
12072.jpg,4
12073.jpg,4
12076.jpg,4
12078.jpg,4
12079.jpg,4
12080.jpg,4
12082.jpg,4
12085.jpg,4
12086.jpg,4
12087.jpg,4
12088.jpg,4
12090.jpg,4
12095.jpg,4
12098.jpg,4
12099.jpg,4
121.jpg,4
12100.jpg,4
12109.jpg,4
1211.jpg,4
12112.jpg,4
12115.jpg,4
12124.jpg,4
12128.jpg,4
12132.jpg,4
12133.jpg,4
12137.jpg,4
12139.jpg,4
1214.jpg,4
12141.jpg,4
12150.jpg,4
12153.jpg,4
12155.jpg,4
12163.jpg,4
12176.jpg,4
12180.jpg,4
12182.jpg,4
12183.jpg,4
12184.jpg,4
12189.jpg,4
12192.jpg,4
12199.jpg,4
12201.jpg,4
12205.jpg,4
12207.jpg,4
12211.jpg,4
12215.jpg,4
1222.jpg,4
12229.jpg,4
1223.jpg,4
12234.jpg,4
12246.jpg,4
12250.jpg,4
12251.jpg,4
12253.jpg,4
12254.jpg,4
12259.jpg,4
1226.jpg,4
12261.jpg,4
12264.jpg,4
12267.jpg,4
12269.jpg,4
1227.jpg,4
12271.jpg,4
12275.jpg,4
12276.jpg,4
12278.jpg,4
12279.jpg,4
12284.jpg,4
12285.jpg,4
12286.jpg,4
12289.jpg,4
12291.jpg,4
12293.jpg,4
12297.jpg,4
12298.jpg,4
12302.jpg,4
12305.jpg,4
12312.jpg,4
12318.jpg,4
12321.jpg,4
12325.jpg,4
12326.jpg,4
12329.jpg,4
12331.jpg,4
12332.jpg,4
12334.jpg,4
12335.jpg,4
1234.jpg,4
12340.jpg,4
12341.jpg,4
12347.jpg,4
12350.jpg,4
12351.jpg,4
12352.jpg,4
12354.jpg,4
12355.jpg,4
12356.jpg,4
12359.jpg,4
12361.jpg,4
12362.jpg,4
12363.jpg,4
12371.jpg,4
12373.jpg,4
12374.jpg,4
12376.jpg,4
12377.jpg,4
1239.jpg,4
12390.jpg,4
12394.jpg,4
12395.jpg,4
12399.jpg,4
12402.jpg,4
12407.jpg,4
12409.jpg,4
1241.jpg,4
12413.jpg,4
12419.jpg,4
12420.jpg,4
12421.jpg,4
12422.jpg,4
12423.jpg,4
12437.jpg,4
12443.jpg,4
12446.jpg,4
1245.jpg,4
12453.jpg,4
12459.jpg,4
12461.jpg,4
12464.jpg,4
1247.jpg,4
12475.jpg,4
12476.jpg,4
12480.jpg,4
12484.jpg,4
12486.jpg,4
12491.jpg,4
12497.jpg,4
12498.jpg,4
12501.jpg,4
12514.jpg,4
12516.jpg,4
12525.jpg,4
12527.jpg,4
1253.jpg,4
12537.jpg,4
12541.jpg,4
12545.jpg,4
1255.jpg,4
12550.jpg,4
12553.jpg,4
12554.jpg,4
12557.jpg,4
12563.jpg,4
12564.jpg,4
12573.jpg,4
12575.jpg,4
12577.jpg,4
1258.jpg,4
12582.jpg,4
12586.jpg,4
12587.jpg,4
126.jpg,4
12606.jpg,4
12607.jpg,4
12608.jpg,4
12609.jpg,4
12612.jpg,4
12614.jpg,4
12625.jpg,4
12626.jpg,4
12628.jpg,4
12631.jpg,4
12635.jpg,4
1264.jpg,4
12642.jpg,4
12643.jpg,4
12645.jpg,4
12648.jpg,4
12650.jpg,4
12662.jpg,4
12670.jpg,4
12675.jpg,4
12677.jpg,4
1268.jpg,4
12683.jpg,4
12686.jpg,4
12687.jpg,4
127.jpg,4
12700.jpg,4
12707.jpg,4
12709.jpg,4
1271.jpg,4
12712.jpg,4
12715.jpg,4
12722.jpg,4
12724.jpg,4
12725.jpg,4
12730.jpg,4
12731.jpg,4
1274.jpg,4
12749.jpg,4
12751.jpg,4
12753.jpg,4
12756.jpg,4
1276.jpg,4
12763.jpg,4
12764.jpg,4
12765.jpg,4
1277.jpg,4
12774.jpg,4
12778.jpg,4
12781.jpg,4
12784.jpg,4
12785.jpg,4
1279.jpg,4
12791.jpg,4
12796.jpg,4
12797.jpg,4
12800.jpg,4
12804.jpg,4
12809.jpg,4
12812.jpg,4
12813.jpg,4
12816.jpg,4
12824.jpg,4
12825.jpg,4
12828.jpg,4
1283.jpg,4
12830.jpg,4
12831.jpg,4
12832.jpg,4
12833.jpg,4
12834.jpg,4
12835.jpg,4
12836.jpg,4
12838.jpg,4
12841.jpg,4
12842.jpg,4
12844.jpg,4
12847.jpg,4
12850.jpg,4
12851.jpg,4
12853.jpg,4
12854.jpg,4
12856.jpg,4
12859.jpg,4
12860.jpg,4
12866.jpg,4
12867.jpg,4
12869.jpg,4
12879.jpg,4
1288.jpg,4
1289.jpg,4
12891.jpg,4
12894.jpg,4
12895.jpg,4
12896.jpg,4
12899.jpg,4
129.jpg,4
1290.jpg,4
12901.jpg,4
12902.jpg,4
12911.jpg,4
12914.jpg,4
12918.jpg,4
12920.jpg,4
12921.jpg,4
12922.jpg,4
12932.jpg,4
12936.jpg,4
1294.jpg,4
12941.jpg,4
12949.jpg,4
12951.jpg,4
12952.jpg,4
12953.jpg,4
12954.jpg,4
12959.jpg,4
12960.jpg,4
12961.jpg,4
12962.jpg,4
12964.jpg,4
12966.jpg,4
12969.jpg,4
12970.jpg,4
12971.jpg,4
12972.jpg,4
12975.jpg,4
12977.jpg,4
12978.jpg,4
12979.jpg,4
12980.jpg,4
12984.jpg,4
12985.jpg,4
12989.jpg,4
12997.jpg,4
130.jpg,4
1300.jpg,4
13001.jpg,4
13004.jpg,4
13007.jpg,4
13012.jpg,4
13014.jpg,4
13015.jpg,4
13016.jpg,4
13017.jpg,4
13018.jpg,4
1302.jpg,4
13022.jpg,4
13028.jpg,4
13029.jpg,4
13031.jpg,4
13034.jpg,4
13036.jpg,4
13037.jpg,4
13039.jpg,4
13042.jpg,4
13047.jpg,4
13055.jpg,4
13060.jpg,4
13062.jpg,4
13063.jpg,4
13065.jpg,4
13066.jpg,4
13069.jpg,4
1307.jpg,4
13070.jpg,4
13073.jpg,4
13074.jpg,4
13081.jpg,4
13084.jpg,4
13085.jpg,4
13087.jpg,4
13088.jpg,4
13091.jpg,4
13095.jpg,4
13096.jpg,4
13098.jpg,4
13100.jpg,4
13101.jpg,4
13102.jpg,4
13104.jpg,4
13109.jpg,4
13110.jpg,4
13116.jpg,4
13119.jpg,4
13120.jpg,4
13123.jpg,4
1313.jpg,4
13133.jpg,4
13136.jpg,4
13137.jpg,4
13138.jpg,4
13148.jpg,4
13150.jpg,4
13161.jpg,4
13162.jpg,4
13163.jpg,4
13168.jpg,4
13169.jpg,4
13174.jpg,4
13176.jpg,4
13178.jpg,4
13179.jpg,4
1319.jpg,4
13192.jpg,4
13193.jpg,4
13199.jpg,4
132.jpg,4
13202.jpg,4
13204.jpg,4
13208.jpg,4
13214.jpg,4
1322.jpg,4
13224.jpg,4
13227.jpg,4
13230.jpg,4
13237.jpg,4
13239.jpg,4
1324.jpg,4
13243.jpg,4
13246.jpg,4
13252.jpg,4
13255.jpg,4
13256.jpg,4
13260.jpg,4
13261.jpg,4
13262.jpg,4
13269.jpg,4
13271.jpg,4
13275.jpg,4
1328.jpg,4
13282.jpg,4
13283.jpg,4
13290.jpg,4
13291.jpg,4
13292.jpg,4
13295.jpg,4
13296.jpg,4
13297.jpg,4
13299.jpg,4
133.jpg,4
1330.jpg,4
13302.jpg,4
13303.jpg,4
13305.jpg,4
13316.jpg,4
13318.jpg,4
13321.jpg,4
13325.jpg,4
13326.jpg,4
13329.jpg,4
13330.jpg,4
13331.jpg,4
13333.jpg,4
13335.jpg,4
1334.jpg,4
13340.jpg,4
13341.jpg,4
13342.jpg,4
13344.jpg,4
13345.jpg,4
13346.jpg,4
13356.jpg,4
13358.jpg,4
13365.jpg,4
13367.jpg,4
13369.jpg,4
1337.jpg,4
13370.jpg,4
13373.jpg,4
13379.jpg,4
1338.jpg,4
13381.jpg,4
13389.jpg,4
13390.jpg,4
13392.jpg,4
13394.jpg,4
13398.jpg,4
13399.jpg,4
13407.jpg,4
13408.jpg,4
13410.jpg,4
13413.jpg,4
13414.jpg,4
13415.jpg,4
13416.jpg,4
13424.jpg,4
13428.jpg,4
13433.jpg,4
13434.jpg,4
13436.jpg,4
13438.jpg,4
13441.jpg,4
13443.jpg,4
13447.jpg,4
13448.jpg,4
13450.jpg,4
13454.jpg,4
13457.jpg,4
13458.jpg,4
13459.jpg,4
13460.jpg,4
13461.jpg,4
13462.jpg,4
13465.jpg,4
13466.jpg,4
13467.jpg,4
13468.jpg,4
13469.jpg,4
1347.jpg,4
13471.jpg,4
13475.jpg,4
13476.jpg,4
1348.jpg,4
13481.jpg,4
13485.jpg,4
13488.jpg,4
13489.jpg,4
1349.jpg,4
13491.jpg,4
13498.jpg,4
135.jpg,4
13500.jpg,4
13501.jpg,4
13509.jpg,4
1351.jpg,4
13510.jpg,4
13512.jpg,4
13513.jpg,4
13517.jpg,4
13518.jpg,4
1352.jpg,4
13520.jpg,4
13529.jpg,4
13530.jpg,4
13541.jpg,4
13542.jpg,4
13545.jpg,4
13547.jpg,4
1355.jpg,4
13550.jpg,4
13552.jpg,4
13554.jpg,4
13555.jpg,4
13558.jpg,4
1356.jpg,4
13561.jpg,4
13562.jpg,4
13566.jpg,4
13571.jpg,4
13576.jpg,4
13578.jpg,4
13580.jpg,4
13581.jpg,4
13584.jpg,4
13585.jpg,4
13589.jpg,4
1359.jpg,4
13591.jpg,4
13595.jpg,4
13598.jpg,4
1360.jpg,4
13601.jpg,4
13604.jpg,4
13606.jpg,4
13607.jpg,4
13610.jpg,4
13614.jpg,4
13616.jpg,4
13619.jpg,4
13620.jpg,4
13628.jpg,4
13636.jpg,4
1364.jpg,4
13641.jpg,4
13646.jpg,4
13647.jpg,4
13653.jpg,4
13657.jpg,4
13660.jpg,4
13661.jpg,4
13662.jpg,4
13663.jpg,4
13670.jpg,4
13672.jpg,4
13683.jpg,4
13684.jpg,4
13686.jpg,4
13690.jpg,4
13693.jpg,4
13694.jpg,4
13695.jpg,4
13696.jpg,4
1370.jpg,4
13704.jpg,4
13707.jpg,4
13708.jpg,4
1371.jpg,4
13712.jpg,4
13713.jpg,4
13714.jpg,4
13718.jpg,4
13724.jpg,4
13727.jpg,4
13738.jpg,4
1374.jpg,4
13744.jpg,4
13751.jpg,4
13752.jpg,4
13754.jpg,4
13755.jpg,4
13756.jpg,4
13758.jpg,4
1376.jpg,4
13768.jpg,4
13772.jpg,4
13774.jpg,4
13778.jpg,4
13786.jpg,4
13787.jpg,4
13795.jpg,4
13799.jpg,4
13802.jpg,4
13805.jpg,4
13807.jpg,4
13810.jpg,4
13814.jpg,4
13817.jpg,4
1382.jpg,4
1383.jpg,4
13830.jpg,4
13831.jpg,4
13837.jpg,4
13838.jpg,4
13840.jpg,4
13845.jpg,4
13850.jpg,4
13852.jpg,4
13853.jpg,4
1386.jpg,4
13865.jpg,4
13867.jpg,4
13869.jpg,4
1387.jpg,4
13870.jpg,4
13872.jpg,4
13875.jpg,4
13876.jpg,4
13877.jpg,4
13878.jpg,4
1388.jpg,4
13883.jpg,4
13889.jpg,4
13891.jpg,4
13894.jpg,4
13895.jpg,4
1390.jpg,4
13900.jpg,4
13908.jpg,4
13912.jpg,4
13913.jpg,4
13914.jpg,4
13917.jpg,4
13918.jpg,4
13927.jpg,4
13929.jpg,4
1393.jpg,4
13931.jpg,4
13933.jpg,4
13936.jpg,4
13939.jpg,4
13944.jpg,4
13945.jpg,4
13949.jpg,4
13950.jpg,4
13963.jpg,4
13964.jpg,4
13968.jpg,4
13971.jpg,4
13972.jpg,4
13974.jpg,4
13975.jpg,4
13977.jpg,4
13979.jpg,4
13984.jpg,4
13986.jpg,4
13987.jpg,4
13989.jpg,4
13990.jpg,4
14.jpg,4
140.jpg,4
14006.jpg,4
14011.jpg,4
14017.jpg,4
14018.jpg,4
14020.jpg,4
14026.jpg,4
14028.jpg,4
14032.jpg,4
1404.jpg,4
14042.jpg,4
14044.jpg,4
14046.jpg,4
1405.jpg,4
14050.jpg,4
14051.jpg,4
14053.jpg,4
14055.jpg,4
14061.jpg,4
14065.jpg,4
14066.jpg,4
14068.jpg,4
14069.jpg,4
14082.jpg,4
14083.jpg,4
14084.jpg,4
14085.jpg,4
14086.jpg,4
14088.jpg,4
1409.jpg,4
14090.jpg,4
14093.jpg,4
14098.jpg,4
141.jpg,4
14101.jpg,4
14102.jpg,4
14108.jpg,4
14112.jpg,4
14113.jpg,4
14119.jpg,4
14120.jpg,4
14121.jpg,4
14128.jpg,4
14132.jpg,4
14137.jpg,4
14138.jpg,4
14139.jpg,4
1414.jpg,4
14149.jpg,4
14150.jpg,4
14151.jpg,4
14155.jpg,4
14157.jpg,4
14162.jpg,4
14163.jpg,4
14166.jpg,4
14169.jpg,4
14172.jpg,4
14176.jpg,4
1418.jpg,4
14181.jpg,4
14186.jpg,4
1419.jpg,4
14193.jpg,4
14195.jpg,4
14197.jpg,4
14199.jpg,4
14200.jpg,4
14201.jpg,4
14204.jpg,4
14206.jpg,4
14208.jpg,4
14210.jpg,4
14211.jpg,4
14215.jpg,4
14222.jpg,4
14234.jpg,4
14235.jpg,4
14236.jpg,4
14240.jpg,4
14241.jpg,4
14248.jpg,4
14251.jpg,4
14253.jpg,4
14254.jpg,4
14265.jpg,4
14267.jpg,4
1427.jpg,4
14271.jpg,4
14272.jpg,4
14276.jpg,4
14277.jpg,4
1428.jpg,4
14292.jpg,4
14293.jpg,4
143.jpg,4
14302.jpg,4
14303.jpg,4
14306.jpg,4
14308.jpg,4
1431.jpg,4
14310.jpg,4
14320.jpg,4
14326.jpg,4
14327.jpg,4
1433.jpg,4
14335.jpg,4
14339.jpg,4
14345.jpg,4
14346.jpg,4
14347.jpg,4
14348.jpg,4
14350.jpg,4
14351.jpg,4
14352.jpg,4
14356.jpg,4
14357.jpg,4
14359.jpg,4
1436.jpg,4
14361.jpg,4
14364.jpg,4
14367.jpg,4
14369.jpg,4
14370.jpg,4
14374.jpg,4
14376.jpg,4
1438.jpg,4
14380.jpg,4
14381.jpg,4
14384.jpg,4
14386.jpg,4
14387.jpg,4
14391.jpg,4
14395.jpg,4
144.jpg,4
1440.jpg,4
14401.jpg,4
14402.jpg,4
14405.jpg,4
14406.jpg,4
14413.jpg,4
14414.jpg,4
14415.jpg,4
14417.jpg,4
14421.jpg,4
14424.jpg,4
14426.jpg,4
14427.jpg,4
14428.jpg,4
14438.jpg,4
1444.jpg,4
14444.jpg,4
14445.jpg,4
14450.jpg,4
14453.jpg,4
14457.jpg,4
14463.jpg,4
14473.jpg,4
14476.jpg,4
14478.jpg,4
1448.jpg,4
14481.jpg,4
14484.jpg,4
14485.jpg,4
14487.jpg,4
1449.jpg,4
14490.jpg,4
14493.jpg,4
14496.jpg,4
14498.jpg,4
145.jpg,4
14501.jpg,4
14506.jpg,4
14508.jpg,4
1451.jpg,4
14511.jpg,4
14513.jpg,4
1452.jpg,4
14520.jpg,4
14522.jpg,4
14524.jpg,4
14526.jpg,4
14528.jpg,4
14530.jpg,4
14531.jpg,4
14539.jpg,4
14542.jpg,4
14549.jpg,4
14557.jpg,4
14558.jpg,4
1456.jpg,4
14561.jpg,4
14562.jpg,4
14566.jpg,4
14571.jpg,4
14574.jpg,4
14580.jpg,4
14581.jpg,4
14583.jpg,4
14587.jpg,4
14589.jpg,4
1459.jpg,4
14594.jpg,4
14596.jpg,4
14601.jpg,4
14604.jpg,4
14606.jpg,4
14610.jpg,4
14611.jpg,4
14613.jpg,4
14614.jpg,4
14616.jpg,4
14618.jpg,4
14624.jpg,4
14625.jpg,4
1463.jpg,4
14631.jpg,4
14636.jpg,4
14645.jpg,4
14650.jpg,4
14653.jpg,4
14656.jpg,4
14657.jpg,4
14664.jpg,4
14666.jpg,4
1467.jpg,4
14672.jpg,4
14678.jpg,4
14679.jpg,4
1468.jpg,4
14682.jpg,4
14684.jpg,4
14685.jpg,4
14688.jpg,4
14695.jpg,4
14696.jpg,4
14697.jpg,4
14699.jpg,4
1470.jpg,4
14701.jpg,4
14715.jpg,4
14718.jpg,4
14722.jpg,4
14724.jpg,4
14729.jpg,4
14730.jpg,4
14732.jpg,4
14735.jpg,4
14737.jpg,4
14739.jpg,4
1474.jpg,4
14742.jpg,4
14747.jpg,4
14753.jpg,4
14755.jpg,4
14757.jpg,4
14759.jpg,4
14762.jpg,4
14765.jpg,4
14768.jpg,4
14771.jpg,4
14772.jpg,4
14774.jpg,4
14775.jpg,4
14776.jpg,4
14779.jpg,4
1478.jpg,4
14784.jpg,4
14787.jpg,4
1479.jpg,4
14790.jpg,4
14793.jpg,4
14796.jpg,4
14800.jpg,4
14801.jpg,4
14806.jpg,4
14811.jpg,4
14813.jpg,4
14814.jpg,4
14815.jpg,4
14819.jpg,4
14821.jpg,4
14822.jpg,4
14828.jpg,4
14829.jpg,4
1483.jpg,4
14835.jpg,4
14841.jpg,4
14842.jpg,4
14850.jpg,4
14855.jpg,4
14858.jpg,4
14859.jpg,4
14862.jpg,4
14877.jpg,4
14878.jpg,4
14886.jpg,4
14890.jpg,4
14891.jpg,4
14893.jpg,4
14895.jpg,4
14899.jpg,4
149.jpg,4
14901.jpg,4
14906.jpg,4
14908.jpg,4
14913.jpg,4
14919.jpg,4
1492.jpg,4
14921.jpg,4
14922.jpg,4
14925.jpg,4
14926.jpg,4
14929.jpg,4
14930.jpg,4
14937.jpg,4
14939.jpg,4
1494.jpg,4
14942.jpg,4
14944.jpg,4
14945.jpg,4
14953.jpg,4
14954.jpg,4
14957.jpg,4
14960.jpg,4
14963.jpg,4
14965.jpg,4
14970.jpg,4
14971.jpg,4
14973.jpg,4
14975.jpg,4
14976.jpg,4
14977.jpg,4
14981.jpg,4
14982.jpg,4
14983.jpg,4
14992.jpg,4
14996.jpg,4
14998.jpg,4
15002.jpg,4
15004.jpg,4
15006.jpg,4
15007.jpg,4
15010.jpg,4
15012.jpg,4
15013.jpg,4
15014.jpg,4
15018.jpg,4
15021.jpg,4
15022.jpg,4
15023.jpg,4
15027.jpg,4
15031.jpg,4
1504.jpg,4
15040.jpg,4
15041.jpg,4
15046.jpg,4
15049.jpg,4
15053.jpg,4
15057.jpg,4
15063.jpg,4
15066.jpg,4
15068.jpg,4
15075.jpg,4
15077.jpg,4
15079.jpg,4
15080.jpg,4
15081.jpg,4
15083.jpg,4
15089.jpg,4
1509.jpg,4
15095.jpg,4
15099.jpg,4
15101.jpg,4
15105.jpg,4
1511.jpg,4
15111.jpg,4
15112.jpg,4
15113.jpg,4
15114.jpg,4
15116.jpg,4
15119.jpg,4
15123.jpg,4
15128.jpg,4
15129.jpg,4
15130.jpg,4
15131.jpg,4
15134.jpg,4
15136.jpg,4
15137.jpg,4
15139.jpg,4
15148.jpg,4
15149.jpg,4
1515.jpg,4
15151.jpg,4
15157.jpg,4
15158.jpg,4
15161.jpg,4
15162.jpg,4
15170.jpg,4
15172.jpg,4
15173.jpg,4
15177.jpg,4
15178.jpg,4
15179.jpg,4
15186.jpg,4
15187.jpg,4
15193.jpg,4
15197.jpg,4
152.jpg,4
15200.jpg,4
15201.jpg,4
15208.jpg,4
1521.jpg,4
15219.jpg,4
1522.jpg,4
15220.jpg,4
15224.jpg,4
15229.jpg,4
15230.jpg,4
15237.jpg,4
1524.jpg,4
15240.jpg,4
15241.jpg,4
15244.jpg,4
1525.jpg,4
15252.jpg,4
15253.jpg,4
15262.jpg,4
15266.jpg,4
15272.jpg,4
15274.jpg,4
15276.jpg,4
15278.jpg,4
15282.jpg,4
15283.jpg,4
15286.jpg,4
15297.jpg,4
15302.jpg,4
15303.jpg,4
15305.jpg,4
15309.jpg,4
15312.jpg,4
15314.jpg,4
15315.jpg,4
15318.jpg,4
15325.jpg,4
15333.jpg,4
15336.jpg,4
15337.jpg,4
1534.jpg,4
15340.jpg,4
15342.jpg,4
15349.jpg,4
1535.jpg,4
15350.jpg,4
15351.jpg,4
15353.jpg,4
15357.jpg,4
1536.jpg,4
15360.jpg,4
15365.jpg,4
15366.jpg,4
15368.jpg,4
15375.jpg,4
15378.jpg,4
15381.jpg,4
15387.jpg,4
15388.jpg,4
15391.jpg,4
15392.jpg,4
15394.jpg,4
15396.jpg,4
15399.jpg,4
15403.jpg,4
15406.jpg,4
15415.jpg,4
15417.jpg,4
15420.jpg,4
15427.jpg,4
15431.jpg,4
15437.jpg,4
15438.jpg,4
1544.jpg,4
15441.jpg,4
15442.jpg,4
1545.jpg,4
15450.jpg,4
15452.jpg,4
15455.jpg,4
15458.jpg,4
15461.jpg,4
1547.jpg,4
15485.jpg,4
15489.jpg,4
15490.jpg,4
15492.jpg,4
15500.jpg,4
15506.jpg,4
15508.jpg,4
1551.jpg,4
15513.jpg,4
15519.jpg,4
15520.jpg,4
15524.jpg,4
15525.jpg,4
15527.jpg,4
15537.jpg,4
15543.jpg,4
15548.jpg,4
15552.jpg,4
15555.jpg,4
15563.jpg,4
15566.jpg,4
1557.jpg,4
15576.jpg,4
15578.jpg,4
15583.jpg,4
15591.jpg,4
156.jpg,4
15602.jpg,4
15603.jpg,4
1561.jpg,4
15610.jpg,4
15612.jpg,4
15619.jpg,4
15621.jpg,4
15623.jpg,4
15629.jpg,4
15630.jpg,4
15631.jpg,4
15632.jpg,4
15634.jpg,4
15638.jpg,4
15642.jpg,4
15643.jpg,4
15645.jpg,4
15646.jpg,4
15647.jpg,4
15648.jpg,4
15649.jpg,4
15652.jpg,4
15658.jpg,4
15662.jpg,4
15663.jpg,4
15669.jpg,4
15670.jpg,4
15676.jpg,4
15678.jpg,4
15679.jpg,4
1568.jpg,4
15685.jpg,4
15686.jpg,4
15688.jpg,4
15698.jpg,4
15700.jpg,4
15706.jpg,4
15707.jpg,4
15710.jpg,4
15712.jpg,4
15713.jpg,4
15717.jpg,4
15720.jpg,4
15722.jpg,4
15723.jpg,4
15726.jpg,4
15727.jpg,4
15728.jpg,4
15731.jpg,4
15733.jpg,4
15735.jpg,4
15737.jpg,4
15738.jpg,4
15744.jpg,4
15745.jpg,4
15746.jpg,4
15747.jpg,4
15750.jpg,4
15758.jpg,4
15762.jpg,4
15764.jpg,4
15765.jpg,4
15766.jpg,4
1577.jpg,4
15772.jpg,4
15779.jpg,4
1578.jpg,4
15781.jpg,4
15786.jpg,4
15788.jpg,4
1579.jpg,4
15801.jpg,4
15805.jpg,4
1581.jpg,4
15825.jpg,4
15829.jpg,4
1583.jpg,4
15830.jpg,4
15832.jpg,4
15834.jpg,4
15836.jpg,4
15838.jpg,4
15840.jpg,4
15846.jpg,4
15847.jpg,4
15848.jpg,4
15849.jpg,4
1585.jpg,4
15850.jpg,4
15859.jpg,4
15863.jpg,4
15866.jpg,4
15868.jpg,4
15870.jpg,4
15878.jpg,4
15879.jpg,4
15881.jpg,4
15887.jpg,4
15888.jpg,4
15890.jpg,4
15891.jpg,4
15895.jpg,4
15896.jpg,4
15900.jpg,4
15902.jpg,4
15904.jpg,4
15909.jpg,4
15910.jpg,4
15912.jpg,4
15914.jpg,4
15916.jpg,4
15917.jpg,4
15918.jpg,4
15922.jpg,4
15924.jpg,4
15927.jpg,4
15928.jpg,4
15929.jpg,4
15933.jpg,4
15934.jpg,4
15935.jpg,4
15941.jpg,4
15946.jpg,4
15947.jpg,4
15951.jpg,4
15954.jpg,4
15958.jpg,4
1596.jpg,4
15963.jpg,4
15964.jpg,4
15967.jpg,4
15969.jpg,4
15974.jpg,4
15975.jpg,4
15979.jpg,4
1598.jpg,4
15980.jpg,4
15981.jpg,4
15983.jpg,4
15984.jpg,4
15993.jpg,4
15994.jpg,4
16000.jpg,4
16014.jpg,4
16015.jpg,4
16023.jpg,4
16028.jpg,4
16029.jpg,4
16033.jpg,4
16035.jpg,4
16039.jpg,4
16040.jpg,4
16042.jpg,4
16045.jpg,4
16051.jpg,4
16056.jpg,4
16058.jpg,4
16063.jpg,4
16068.jpg,4
16071.jpg,4
16075.jpg,4
16084.jpg,4
16089.jpg,4
16093.jpg,4
16094.jpg,4
16096.jpg,4
16098.jpg,4
16099.jpg,4
161.jpg,4
16102.jpg,4
16106.jpg,4
16107.jpg,4
16110.jpg,4
16117.jpg,4
16119.jpg,4
16120.jpg,4
16121.jpg,4
16125.jpg,4
16127.jpg,4
16129.jpg,4
16135.jpg,4
1614.jpg,4
16140.jpg,4
16145.jpg,4
16146.jpg,4
16148.jpg,4
16151.jpg,4
16158.jpg,4
16161.jpg,4
16167.jpg,4
16169.jpg,4
1617.jpg,4
16177.jpg,4
16178.jpg,4
16181.jpg,4
16186.jpg,4
16193.jpg,4
16196.jpg,4
16197.jpg,4
1620.jpg,4
16202.jpg,4
16204.jpg,4
16210.jpg,4
16213.jpg,4
16216.jpg,4
16217.jpg,4
16220.jpg,4
16224.jpg,4
16228.jpg,4
16229.jpg,4
16230.jpg,4
16232.jpg,4
16233.jpg,4
16235.jpg,4
1624.jpg,4
16242.jpg,4
16256.jpg,4
16263.jpg,4
16264.jpg,4
16265.jpg,4
16266.jpg,4
1627.jpg,4
16270.jpg,4
16271.jpg,4
16273.jpg,4
16275.jpg,4
16277.jpg,4
16291.jpg,4
16298.jpg,4
16299.jpg,4
16300.jpg,4
16304.jpg,4
16305.jpg,4
1631.jpg,4
16313.jpg,4
16317.jpg,4
16318.jpg,4
16319.jpg,4
16323.jpg,4
16327.jpg,4
16328.jpg,4
16329.jpg,4
16332.jpg,4
16337.jpg,4
1634.jpg,4
16343.jpg,4
16344.jpg,4
16347.jpg,4
16351.jpg,4
16353.jpg,4
16357.jpg,4
16360.jpg,4
16361.jpg,4
16373.jpg,4
16378.jpg,4
16379.jpg,4
1638.jpg,4
16380.jpg,4
16384.jpg,4
16393.jpg,4
16396.jpg,4
16397.jpg,4
16401.jpg,4
16403.jpg,4
16405.jpg,4
16406.jpg,4
16408.jpg,4
16410.jpg,4
16411.jpg,4
16412.jpg,4
16415.jpg,4
16424.jpg,4
16428.jpg,4
16429.jpg,4
16436.jpg,4
1644.jpg,4
16442.jpg,4
16444.jpg,4
16445.jpg,4
16446.jpg,4
16447.jpg,4
16449.jpg,4
16454.jpg,4
16461.jpg,4
16462.jpg,4
16464.jpg,4
16465.jpg,4
16471.jpg,4
16475.jpg,4
16477.jpg,4
16480.jpg,4
16484.jpg,4
16486.jpg,4
16487.jpg,4
1649.jpg,4
16497.jpg,4
16499.jpg,4
16501.jpg,4
16508.jpg,4
16514.jpg,4
16519.jpg,4
1652.jpg,4
16524.jpg,4
16526.jpg,4
1653.jpg,4
16530.jpg,4
16532.jpg,4
16535.jpg,4
16536.jpg,4
16539.jpg,4
16541.jpg,4
16542.jpg,4
16546.jpg,4
16548.jpg,4
1655.jpg,4
16551.jpg,4
16552.jpg,4
16553.jpg,4
16554.jpg,4
16558.jpg,4
16576.jpg,4
16587.jpg,4
16591.jpg,4
16597.jpg,4
16601.jpg,4
16603.jpg,4
16605.jpg,4
16606.jpg,4
16608.jpg,4
16617.jpg,4
16619.jpg,4
16622.jpg,4
16626.jpg,4
16628.jpg,4
16630.jpg,4
16632.jpg,4
16634.jpg,4
16635.jpg,4
16637.jpg,4
16639.jpg,4
1664.jpg,4
16649.jpg,4
16650.jpg,4
16653.jpg,4
16656.jpg,4
16660.jpg,4
16662.jpg,4
16663.jpg,4
16666.jpg,4
16676.jpg,4
16678.jpg,4
16680.jpg,4
16684.jpg,4
16685.jpg,4
16686.jpg,4
16687.jpg,4
16688.jpg,4
16689.jpg,4
16690.jpg,4
16698.jpg,4
16699.jpg,4
16702.jpg,4
16704.jpg,4
16706.jpg,4
1671.jpg,4
16713.jpg,4
16714.jpg,4
16718.jpg,4
16722.jpg,4
16724.jpg,4
16725.jpg,4
16729.jpg,4
16737.jpg,4
16738.jpg,4
16742.jpg,4
16743.jpg,4
16747.jpg,4
16749.jpg,4
16751.jpg,4
16754.jpg,4
16758.jpg,4
16759.jpg,4
16760.jpg,4
16766.jpg,4
16767.jpg,4
16772.jpg,4
16777.jpg,4
16779.jpg,4
1678.jpg,4
16780.jpg,4
16781.jpg,4
16782.jpg,4
16784.jpg,4
16787.jpg,4
16789.jpg,4
16790.jpg,4
16791.jpg,4
16794.jpg,4
16796.jpg,4
1680.jpg,4
16803.jpg,4
1681.jpg,4
16814.jpg,4
16815.jpg,4
16816.jpg,4
16818.jpg,4
16819.jpg,4
16820.jpg,4
16822.jpg,4
16825.jpg,4
16836.jpg,4
16838.jpg,4
16839.jpg,4
16840.jpg,4
16841.jpg,4
16844.jpg,4
16846.jpg,4
16849.jpg,4
16850.jpg,4
16851.jpg,4
16854.jpg,4
16858.jpg,4
16859.jpg,4
16860.jpg,4
16864.jpg,4
16866.jpg,4
16877.jpg,4
16878.jpg,4
1688.jpg,4
16881.jpg,4
16883.jpg,4
16886.jpg,4
16890.jpg,4
16892.jpg,4
16893.jpg,4
16894.jpg,4
169.jpg,4
16900.jpg,4
16907.jpg,4
16908.jpg,4
16909.jpg,4
16915.jpg,4
16918.jpg,4
16921.jpg,4
16922.jpg,4
16924.jpg,4
16934.jpg,4
16937.jpg,4
1694.jpg,4
16940.jpg,4
16941.jpg,4
16945.jpg,4
16947.jpg,4
16950.jpg,4
16955.jpg,4
16957.jpg,4
16958.jpg,4
16961.jpg,4
16964.jpg,4
16967.jpg,4
16968.jpg,4
16970.jpg,4
16976.jpg,4
16978.jpg,4
16986.jpg,4
16987.jpg,4
16993.jpg,4
16995.jpg,4
16996.jpg,4
16997.jpg,4
16999.jpg,4
17003.jpg,4
17010.jpg,4
17012.jpg,4
17016.jpg,4
17023.jpg,4
17035.jpg,4
17037.jpg,4
17039.jpg,4
1704.jpg,4
17041.jpg,4
17046.jpg,4
17048.jpg,4
17050.jpg,4
17052.jpg,4
17054.jpg,4
17057.jpg,4
17059.jpg,4
17062.jpg,4
17068.jpg,4
17071.jpg,4
17079.jpg,4
1708.jpg,4
17080.jpg,4
17082.jpg,4
17083.jpg,4
17084.jpg,4
17086.jpg,4
17088.jpg,4
17090.jpg,4
171.jpg,4
17100.jpg,4
17103.jpg,4
17108.jpg,4
17109.jpg,4
17115.jpg,4
17116.jpg,4
17118.jpg,4
1712.jpg,4
17121.jpg,4
17125.jpg,4
17127.jpg,4
17128.jpg,4
17129.jpg,4
1713.jpg,4
17132.jpg,4
17133.jpg,4
17134.jpg,4
17140.jpg,4
17145.jpg,4
17146.jpg,4
17147.jpg,4
17148.jpg,4
17150.jpg,4
17153.jpg,4
17155.jpg,4
17157.jpg,4
17158.jpg,4
17159.jpg,4
17160.jpg,4
17162.jpg,4
17163.jpg,4
17167.jpg,4
1717.jpg,4
17172.jpg,4
17177.jpg,4
17182.jpg,4
17185.jpg,4
17186.jpg,4
17188.jpg,4
17192.jpg,4
17195.jpg,4
17196.jpg,4
17197.jpg,4
17199.jpg,4
172.jpg,4
17203.jpg,4
17208.jpg,4
17210.jpg,4
17213.jpg,4
17215.jpg,4
17218.jpg,4
17219.jpg,4
1722.jpg,4
17223.jpg,4
17224.jpg,4
17231.jpg,4
17233.jpg,4
1724.jpg,4
17241.jpg,4
17243.jpg,4
17245.jpg,4
17247.jpg,4
17251.jpg,4
17253.jpg,4
17254.jpg,4
17255.jpg,4
17256.jpg,4
1726.jpg,4
17261.jpg,4
17266.jpg,4
17269.jpg,4
1727.jpg,4
17271.jpg,4
17276.jpg,4
17279.jpg,4
17280.jpg,4
17281.jpg,4
17282.jpg,4
17288.jpg,4
17289.jpg,4
17290.jpg,4
17292.jpg,4
17293.jpg,4
17294.jpg,4
173.jpg,4
17300.jpg,4
17303.jpg,4
17304.jpg,4
17307.jpg,4
17310.jpg,4
17316.jpg,4
17326.jpg,4
17327.jpg,4
17334.jpg,4
17340.jpg,4
17342.jpg,4
17349.jpg,4
17351.jpg,4
17357.jpg,4
17358.jpg,4
17365.jpg,4
17366.jpg,4
17367.jpg,4
17369.jpg,4
1737.jpg,4
17375.jpg,4
17376.jpg,4
17377.jpg,4
17382.jpg,4
17383.jpg,4
17386.jpg,4
17388.jpg,4
17391.jpg,4
17392.jpg,4
17395.jpg,4
17398.jpg,4
17400.jpg,4
17405.jpg,4
17407.jpg,4
17408.jpg,4
17409.jpg,4
17414.jpg,4
17415.jpg,4
17422.jpg,4
17428.jpg,4
17430.jpg,4
17436.jpg,4
17437.jpg,4
17438.jpg,4
17440.jpg,4
17447.jpg,4
17448.jpg,4
1745.jpg,4
17459.jpg,4
1746.jpg,4
17460.jpg,4
17465.jpg,4
17467.jpg,4
17471.jpg,4
17477.jpg,4
17478.jpg,4
17482.jpg,4
17487.jpg,4
17489.jpg,4
1749.jpg,4
17493.jpg,4
17501.jpg,4
17505.jpg,4
17512.jpg,4
17513.jpg,4
17517.jpg,4
17518.jpg,4
1752.jpg,4
17524.jpg,4
17525.jpg,4
17533.jpg,4
17534.jpg,4
17535.jpg,4
17536.jpg,4
17538.jpg,4
17542.jpg,4
17546.jpg,4
17549.jpg,4
17550.jpg,4
17556.jpg,4
1756.jpg,4
17561.jpg,4
17565.jpg,4
17572.jpg,4
17573.jpg,4
17578.jpg,4
17580.jpg,4
17582.jpg,4
17584.jpg,4
17592.jpg,4
17595.jpg,4
17596.jpg,4
17598.jpg,4
17599.jpg,4
176.jpg,4
17601.jpg,4
17606.jpg,4
17608.jpg,4
17610.jpg,4
17614.jpg,4
17618.jpg,4
17619.jpg,4
17620.jpg,4
17623.jpg,4
17626.jpg,4
17627.jpg,4
17629.jpg,4
17630.jpg,4
17634.jpg,4
17635.jpg,4
17637.jpg,4
1764.jpg,4
17640.jpg,4
17641.jpg,4
17644.jpg,4
17646.jpg,4
17649.jpg,4
17650.jpg,4
17653.jpg,4
17656.jpg,4
17658.jpg,4
17659.jpg,4
17665.jpg,4
17669.jpg,4
17676.jpg,4
17677.jpg,4
17681.jpg,4
17684.jpg,4
17686.jpg,4
1769.jpg,4
17692.jpg,4
17694.jpg,4
17696.jpg,4
17699.jpg,4
17703.jpg,4
17704.jpg,4
17709.jpg,4
1771.jpg,4
17710.jpg,4
17720.jpg,4
17723.jpg,4
17728.jpg,4
17733.jpg,4
17737.jpg,4
17738.jpg,4
17746.jpg,4
17748.jpg,4
17749.jpg,4
17752.jpg,4
17753.jpg,4
17754.jpg,4
1776.jpg,4
17762.jpg,4
17763.jpg,4
1777.jpg,4
17772.jpg,4
17774.jpg,4
17778.jpg,4
17779.jpg,4
1779.jpg,4
17790.jpg,4
17791.jpg,4
17792.jpg,4
1780.jpg,4
17800.jpg,4
17802.jpg,4
17804.jpg,4
17813.jpg,4
17815.jpg,4
17816.jpg,4
17828.jpg,4
17829.jpg,4
1783.jpg,4
17832.jpg,4
17833.jpg,4
17836.jpg,4
17839.jpg,4
17843.jpg,4
1785.jpg,4
17850.jpg,4
17851.jpg,4
17858.jpg,4
17859.jpg,4
17861.jpg,4
17862.jpg,4
17863.jpg,4
17867.jpg,4
17869.jpg,4
17870.jpg,4
17871.jpg,4
17874.jpg,4
17876.jpg,4
17878.jpg,4
17879.jpg,4
17880.jpg,4
17883.jpg,4
17884.jpg,4
17899.jpg,4
179.jpg,4
17901.jpg,4
17907.jpg,4
17908.jpg,4
17909.jpg,4
17911.jpg,4
17917.jpg,4
17921.jpg,4
17929.jpg,4
1793.jpg,4
17931.jpg,4
17935.jpg,4
17938.jpg,4
17943.jpg,4
17945.jpg,4
17949.jpg,4
1795.jpg,4
17950.jpg,4
17955.jpg,4
17960.jpg,4
17961.jpg,4
1797.jpg,4
17974.jpg,4
17976.jpg,4
17979.jpg,4
17982.jpg,4
17984.jpg,4
17988.jpg,4
17990.jpg,4
17995.jpg,4
1800.jpg,4
18004.jpg,4
18008.jpg,4
1801.jpg,4
18010.jpg,4
18013.jpg,4
18019.jpg,4
1802.jpg,4
18021.jpg,4
18030.jpg,4
18032.jpg,4
18033.jpg,4
18036.jpg,4
18039.jpg,4
18040.jpg,4
18041.jpg,4
18047.jpg,4
18048.jpg,4
18049.jpg,4
18054.jpg,4
18055.jpg,4
18058.jpg,4
18061.jpg,4
18062.jpg,4
18066.jpg,4
18067.jpg,4
18068.jpg,4
18069.jpg,4
18071.jpg,4
1808.jpg,4
18080.jpg,4
18081.jpg,4
18082.jpg,4
18083.jpg,4
18085.jpg,4
18090.jpg,4
18093.jpg,4
18094.jpg,4
18097.jpg,4
18098.jpg,4
18109.jpg,4
18112.jpg,4
18113.jpg,4
18118.jpg,4
18119.jpg,4
1812.jpg,4
18121.jpg,4
18126.jpg,4
18127.jpg,4
18130.jpg,4
18134.jpg,4
1814.jpg,4
18141.jpg,4
18148.jpg,4
1815.jpg,4
1816.jpg,4
18160.jpg,4
18168.jpg,4
18169.jpg,4
18171.jpg,4
18172.jpg,4
18174.jpg,4
18178.jpg,4
18179.jpg,4
18181.jpg,4
18183.jpg,4
18188.jpg,4
18193.jpg,4
18194.jpg,4
18198.jpg,4
182.jpg,4
18200.jpg,4
1821.jpg,4
18210.jpg,4
18212.jpg,4
1822.jpg,4
18220.jpg,4
18223.jpg,4
18225.jpg,4
18227.jpg,4
18228.jpg,4
18229.jpg,4
18241.jpg,4
18246.jpg,4
18250.jpg,4
18254.jpg,4
18257.jpg,4
18259.jpg,4
18274.jpg,4
18276.jpg,4
18278.jpg,4
18282.jpg,4
18285.jpg,4
18286.jpg,4
18295.jpg,4
18296.jpg,4
18297.jpg,4
18298.jpg,4
183.jpg,4
1830.jpg,4
18304.jpg,4
18307.jpg,4
1831.jpg,4
18314.jpg,4
18315.jpg,4
18319.jpg,4
18326.jpg,4
18330.jpg,4
18333.jpg,4
18338.jpg,4
1834.jpg,4
18340.jpg,4
18346.jpg,4
1835.jpg,4
18352.jpg,4
18357.jpg,4
18358.jpg,4
18362.jpg,4
18365.jpg,4
1837.jpg,4
18370.jpg,4
18371.jpg,4
18376.jpg,4
18377.jpg,4
18378.jpg,4
18379.jpg,4
18387.jpg,4
1839.jpg,4
18391.jpg,4
18395.jpg,4
18396.jpg,4
18399.jpg,4
18402.jpg,4
18404.jpg,4
18405.jpg,4
18406.jpg,4
18410.jpg,4
18413.jpg,4
18414.jpg,4
1842.jpg,4
18427.jpg,4
18434.jpg,4
18448.jpg,4
18450.jpg,4
18458.jpg,4
18459.jpg,4
18461.jpg,4
18464.jpg,4
1847.jpg,4
18475.jpg,4
18477.jpg,4
18478.jpg,4
18479.jpg,4
18482.jpg,4
18488.jpg,4
18491.jpg,4
18492.jpg,4
18497.jpg,4
185.jpg,4
18504.jpg,4
18506.jpg,4
18509.jpg,4
18510.jpg,4
18512.jpg,4
18513.jpg,4
18519.jpg,4
18522.jpg,4
18528.jpg,4
18530.jpg,4
18536.jpg,4
18537.jpg,4
18540.jpg,4
18543.jpg,4
18545.jpg,4
18549.jpg,4
18554.jpg,4
18562.jpg,4
18563.jpg,4
18570.jpg,4
18579.jpg,4
18581.jpg,4
18583.jpg,4
18585.jpg,4
18588.jpg,4
18589.jpg,4
18591.jpg,4
18594.jpg,4
18596.jpg,4
18599.jpg,4
18601.jpg,4
18604.jpg,4
18607.jpg,4
18608.jpg,4
18609.jpg,4
18610.jpg,4
18611.jpg,4
18613.jpg,4
18616.jpg,4
18617.jpg,4
18619.jpg,4
18620.jpg,4
18623.jpg,4
18624.jpg,4
18626.jpg,4
18627.jpg,4
18633.jpg,4
18635.jpg,4
18640.jpg,4
18641.jpg,4
18642.jpg,4
18647.jpg,4
18649.jpg,4
18650.jpg,4
18653.jpg,4
18662.jpg,4
18665.jpg,4
18669.jpg,4
18673.jpg,4
18681.jpg,4
18684.jpg,4
18685.jpg,4
18688.jpg,4
18693.jpg,4
18695.jpg,4
18698.jpg,4
18703.jpg,4
18706.jpg,4
18708.jpg,4
18713.jpg,4
18714.jpg,4
18719.jpg,4
18722.jpg,4
18727.jpg,4
18728.jpg,4
18729.jpg,4
18732.jpg,4
18733.jpg,4
18734.jpg,4
18738.jpg,4
18739.jpg,4
18746.jpg,4
18747.jpg,4
18750.jpg,4
18759.jpg,4
1876.jpg,4
18760.jpg,4
18762.jpg,4
18766.jpg,4
18768.jpg,4
18774.jpg,4
18775.jpg,4
18778.jpg,4
18782.jpg,4
18800.jpg,4
18801.jpg,4
18802.jpg,4
18806.jpg,4
18810.jpg,4
18813.jpg,4
18818.jpg,4
1882.jpg,4
18825.jpg,4
18830.jpg,4
18833.jpg,4
18836.jpg,4
1884.jpg,4
18844.jpg,4
18845.jpg,4
18847.jpg,4
1885.jpg,4
18850.jpg,4
18852.jpg,4
18857.jpg,4
18858.jpg,4
18859.jpg,4
18861.jpg,4
18862.jpg,4
18867.jpg,4
18868.jpg,4
18869.jpg,4
18871.jpg,4
18873.jpg,4
18879.jpg,4
18886.jpg,4
1889.jpg,4
18890.jpg,4
18892.jpg,4
18896.jpg,4
18904.jpg,4
18910.jpg,4
18924.jpg,4
1893.jpg,4
18935.jpg,4
18939.jpg,4
18943.jpg,4
18948.jpg,4
18949.jpg,4
18953.jpg,4
18956.jpg,4
18961.jpg,4
18964.jpg,4
18966.jpg,4
18968.jpg,4
18969.jpg,4
1897.jpg,4
18970.jpg,4
18973.jpg,4
18975.jpg,4
18976.jpg,4
18979.jpg,4
18981.jpg,4
18983.jpg,4
18985.jpg,4
18986.jpg,4
18987.jpg,4
18994.jpg,4
18996.jpg,4
18998.jpg,4
19006.jpg,4
19008.jpg,4
19012.jpg,4
19018.jpg,4
19021.jpg,4
19022.jpg,4
19025.jpg,4
19028.jpg,4
19029.jpg,4
19033.jpg,4
19034.jpg,4
19042.jpg,4
19046.jpg,4
19047.jpg,4
19048.jpg,4
19050.jpg,4
19053.jpg,4
19054.jpg,4
19059.jpg,4
1906.jpg,4
19060.jpg,4
19062.jpg,4
19064.jpg,4
19065.jpg,4
19069.jpg,4
19073.jpg,4
19074.jpg,4
19079.jpg,4
19082.jpg,4
19083.jpg,4
19084.jpg,4
19086.jpg,4
19087.jpg,4
19088.jpg,4
19092.jpg,4
19093.jpg,4
19096.jpg,4
19099.jpg,4
19100.jpg,4
19102.jpg,4
19105.jpg,4
19106.jpg,4
19107.jpg,4
19109.jpg,4
19111.jpg,4
19117.jpg,4
19123.jpg,4
19128.jpg,4
19135.jpg,4
1914.jpg,4
19143.jpg,4
19146.jpg,4
19148.jpg,4
19149.jpg,4
19155.jpg,4
19157.jpg,4
19160.jpg,4
19165.jpg,4
19172.jpg,4
19174.jpg,4
1918.jpg,4
19181.jpg,4
19188.jpg,4
19190.jpg,4
19191.jpg,4
19194.jpg,4
1920.jpg,4
19201.jpg,4
19208.jpg,4
19219.jpg,4
1922.jpg,4
19222.jpg,4
19229.jpg,4
1923.jpg,4
19231.jpg,4
19232.jpg,4
19233.jpg,4
19234.jpg,4
19239.jpg,4
1924.jpg,4
19246.jpg,4
19248.jpg,4
19254.jpg,4
19258.jpg,4
19262.jpg,4
19264.jpg,4
19269.jpg,4
19271.jpg,4
19275.jpg,4
19278.jpg,4
19283.jpg,4
19287.jpg,4
19288.jpg,4
1929.jpg,4
19301.jpg,4
19309.jpg,4
1931.jpg,4
19310.jpg,4
19313.jpg,4
19315.jpg,4
19316.jpg,4
19320.jpg,4
19321.jpg,4
19322.jpg,4
19324.jpg,4
19327.jpg,4
19330.jpg,4
19333.jpg,4
1934.jpg,4
19340.jpg,4
19341.jpg,4
19346.jpg,4
1935.jpg,4
19351.jpg,4
19361.jpg,4
19365.jpg,4
19366.jpg,4
19368.jpg,4
19370.jpg,4
19372.jpg,4
19376.jpg,4
19381.jpg,4
19382.jpg,4
19385.jpg,4
19390.jpg,4
19392.jpg,4
19393.jpg,4
19395.jpg,4
19396.jpg,4
19408.jpg,4
19409.jpg,4
19410.jpg,4
19414.jpg,4
19421.jpg,4
19423.jpg,4
19424.jpg,4
19426.jpg,4
19427.jpg,4
19432.jpg,4
19433.jpg,4
19435.jpg,4
19436.jpg,4
19442.jpg,4
19445.jpg,4
19448.jpg,4
1945.jpg,4
19452.jpg,4
19457.jpg,4
19458.jpg,4
19467.jpg,4
19469.jpg,4
19470.jpg,4
19471.jpg,4
19472.jpg,4
19473.jpg,4
19474.jpg,4
19475.jpg,4
19476.jpg,4
19479.jpg,4
1948.jpg,4
19480.jpg,4
19481.jpg,4
19482.jpg,4
19485.jpg,4
1949.jpg,4
19497.jpg,4
19500.jpg,4
19501.jpg,4
19503.jpg,4
19504.jpg,4
19506.jpg,4
1951.jpg,4
19518.jpg,4
19520.jpg,4
19521.jpg,4
19525.jpg,4
19527.jpg,4
19528.jpg,4
19539.jpg,4
19540.jpg,4
19543.jpg,4
19549.jpg,4
19557.jpg,4
19558.jpg,4
19560.jpg,4
19561.jpg,4
19562.jpg,4
19564.jpg,4
19568.jpg,4
19569.jpg,4
19570.jpg,4
19572.jpg,4
19575.jpg,4
19577.jpg,4
19581.jpg,4
19583.jpg,4
19587.jpg,4
19590.jpg,4
19592.jpg,4
19596.jpg,4
19597.jpg,4
19602.jpg,4
19604.jpg,4
19606.jpg,4
19610.jpg,4
19611.jpg,4
19614.jpg,4
19618.jpg,4
19619.jpg,4
19620.jpg,4
19628.jpg,4
19629.jpg,4
19631.jpg,4
19632.jpg,4
19633.jpg,4
19634.jpg,4
19637.jpg,4
19641.jpg,4
19644.jpg,4
19645.jpg,4
19646.jpg,4
19648.jpg,4
1965.jpg,4
19651.jpg,4
19653.jpg,4
19654.jpg,4
19655.jpg,4
19657.jpg,4
19658.jpg,4
19665.jpg,4
19670.jpg,4
19671.jpg,4
19672.jpg,4
19673.jpg,4
19678.jpg,4
19681.jpg,4
19682.jpg,4
19684.jpg,4
19685.jpg,4
19686.jpg,4
19687.jpg,4
1969.jpg,4
19690.jpg,4
19696.jpg,4
19702.jpg,4
19707.jpg,4
1971.jpg,4
19710.jpg,4
19712.jpg,4
19717.jpg,4
1972.jpg,4
19725.jpg,4
19726.jpg,4
19727.jpg,4
19729.jpg,4
1973.jpg,4
19731.jpg,4
19733.jpg,4
19734.jpg,4
19742.jpg,4
19744.jpg,4
19745.jpg,4
19748.jpg,4
1975.jpg,4
19751.jpg,4
19754.jpg,4
19757.jpg,4
19759.jpg,4
19763.jpg,4
19767.jpg,4
19775.jpg,4
19785.jpg,4
19787.jpg,4
19788.jpg,4
19790.jpg,4
19792.jpg,4
19797.jpg,4
198.jpg,4
19801.jpg,4
19803.jpg,4
19804.jpg,4
19821.jpg,4
19822.jpg,4
1983.jpg,4
19831.jpg,4
19836.jpg,4
19838.jpg,4
19839.jpg,4
19842.jpg,4
19847.jpg,4
1985.jpg,4
19850.jpg,4
19852.jpg,4
19856.jpg,4
1986.jpg,4
19863.jpg,4
19869.jpg,4
1987.jpg,4
19870.jpg,4
19871.jpg,4
19873.jpg,4
19875.jpg,4
19877.jpg,4
19880.jpg,4
19881.jpg,4
19890.jpg,4
19893.jpg,4
19899.jpg,4
199.jpg,4
1990.jpg,4
19902.jpg,4
19906.jpg,4
19908.jpg,4
19911.jpg,4
19914.jpg,4
19916.jpg,4
19918.jpg,4
19919.jpg,4
1992.jpg,4
19931.jpg,4
19933.jpg,4
1994.jpg,4
19941.jpg,4
19942.jpg,4
19943.jpg,4
19944.jpg,4
19949.jpg,4
1995.jpg,4
19951.jpg,4
19957.jpg,4
19968.jpg,4
1997.jpg,4
19972.jpg,4
19977.jpg,4
19979.jpg,4
19980.jpg,4
19984.jpg,4
19986.jpg,4
19991.jpg,4
19994.jpg,4
19997.jpg,4
19998.jpg,4
20003.jpg,4
20005.jpg,4
20009.jpg,4
2001.jpg,4
20012.jpg,4
20015.jpg,4
20020.jpg,4
20021.jpg,4
20022.jpg,4
20023.jpg,4
20025.jpg,4
20029.jpg,4
20031.jpg,4
20032.jpg,4
20034.jpg,4
20035.jpg,4
20037.jpg,4
20038.jpg,4
20039.jpg,4
20042.jpg,4
20043.jpg,4
20047.jpg,4
20049.jpg,4
20050.jpg,4
20055.jpg,4
20063.jpg,4
20065.jpg,4
2007.jpg,4
20086.jpg,4
2009.jpg,4
20097.jpg,4
20101.jpg,4
20102.jpg,4
20103.jpg,4
20104.jpg,4
20105.jpg,4
2011.jpg,4
20110.jpg,4
20118.jpg,4
20119.jpg,4
20121.jpg,4
20122.jpg,4
20125.jpg,4
20128.jpg,4
20130.jpg,4
20132.jpg,4
20135.jpg,4
20139.jpg,4
20141.jpg,4
20143.jpg,4
20145.jpg,4
20146.jpg,4
20149.jpg,4
20155.jpg,4
20156.jpg,4
2016.jpg,4
20169.jpg,4
2017.jpg,4
20180.jpg,4
20182.jpg,4
20188.jpg,4
20192.jpg,4
20193.jpg,4
20196.jpg,4
20197.jpg,4
20199.jpg,4
2020.jpg,4
20200.jpg,4
20201.jpg,4
20203.jpg,4
20205.jpg,4
20208.jpg,4
20213.jpg,4
20214.jpg,4
20215.jpg,4
20217.jpg,4
20219.jpg,4
2022.jpg,4
20220.jpg,4
20223.jpg,4
20224.jpg,4
2023.jpg,4
20233.jpg,4
20235.jpg,4
20237.jpg,4
20239.jpg,4
2024.jpg,4
20244.jpg,4
20248.jpg,4
2025.jpg,4
20251.jpg,4
20254.jpg,4
20258.jpg,4
2026.jpg,4
20262.jpg,4
20263.jpg,4
20278.jpg,4
20279.jpg,4
2028.jpg,4
20280.jpg,4
20284.jpg,4
20290.jpg,4
20291.jpg,4
20295.jpg,4
20298.jpg,4
203.jpg,4
2030.jpg,4
20301.jpg,4
20302.jpg,4
20308.jpg,4
2031.jpg,4
20312.jpg,4
20321.jpg,4
20323.jpg,4
20324.jpg,4
20325.jpg,4
2033.jpg,4
20338.jpg,4
20339.jpg,4
2034.jpg,4
20340.jpg,4
20349.jpg,4
2035.jpg,4
20351.jpg,4
20354.jpg,4
20360.jpg,4
20361.jpg,4
20364.jpg,4
20368.jpg,4
20369.jpg,4
20375.jpg,4
20376.jpg,4
20377.jpg,4
20381.jpg,4
20385.jpg,4
2039.jpg,4
20391.jpg,4
20396.jpg,4
20399.jpg,4
20403.jpg,4
20404.jpg,4
20407.jpg,4
20410.jpg,4
20412.jpg,4
20415.jpg,4
20420.jpg,4
20422.jpg,4
20426.jpg,4
20428.jpg,4
20429.jpg,4
20434.jpg,4
20437.jpg,4
20442.jpg,4
20445.jpg,4
20451.jpg,4
20452.jpg,4
20453.jpg,4
20456.jpg,4
2046.jpg,4
20462.jpg,4
20463.jpg,4
20466.jpg,4
20468.jpg,4
20469.jpg,4
2047.jpg,4
20470.jpg,4
20471.jpg,4
20478.jpg,4
20481.jpg,4
20483.jpg,4
20488.jpg,4
20492.jpg,4
20496.jpg,4
20499.jpg,4
2050.jpg,4
20500.jpg,4
20501.jpg,4
20503.jpg,4
20505.jpg,4
20506.jpg,4
20507.jpg,4
20509.jpg,4
2051.jpg,4
20514.jpg,4
20518.jpg,4
20521.jpg,4
20523.jpg,4
20525.jpg,4
20526.jpg,4
20529.jpg,4
20532.jpg,4
20538.jpg,4
20542.jpg,4
20543.jpg,4
20547.jpg,4
20548.jpg,4
2055.jpg,4
20551.jpg,4
20552.jpg,4
20557.jpg,4
20562.jpg,4
20569.jpg,4
2057.jpg,4
20573.jpg,4
20578.jpg,4
20579.jpg,4
20583.jpg,4
20588.jpg,4
20593.jpg,4
20594.jpg,4
2060.jpg,4
20600.jpg,4
20604.jpg,4
20607.jpg,4
20609.jpg,4
20610.jpg,4
20614.jpg,4
20618.jpg,4
20623.jpg,4
20625.jpg,4
20632.jpg,4
20636.jpg,4
2064.jpg,4
20641.jpg,4
20645.jpg,4
2065.jpg,4
20654.jpg,4
20656.jpg,4
20659.jpg,4
20661.jpg,4
20667.jpg,4
20669.jpg,4
2067.jpg,4
20673.jpg,4
20675.jpg,4
20681.jpg,4
20682.jpg,4
20689.jpg,4
20693.jpg,4
20697.jpg,4
20698.jpg,4
20699.jpg,4
20700.jpg,4
20701.jpg,4
20707.jpg,4
20708.jpg,4
20711.jpg,4
20715.jpg,4
20716.jpg,4
20721.jpg,4
20724.jpg,4
20727.jpg,4
20729.jpg,4
20736.jpg,4
2074.jpg,4
20743.jpg,4
20744.jpg,4
20747.jpg,4
20749.jpg,4
20755.jpg,4
20758.jpg,4
20760.jpg,4
20768.jpg,4
20772.jpg,4
20773.jpg,4
20775.jpg,4
20778.jpg,4
20780.jpg,4
20784.jpg,4
20786.jpg,4
20787.jpg,4
20789.jpg,4
20790.jpg,4
20791.jpg,4
20792.jpg,4
20793.jpg,4
20795.jpg,4
20797.jpg,4
20803.jpg,4
20809.jpg,4
2081.jpg,4
20814.jpg,4
20817.jpg,4
20823.jpg,4
20824.jpg,4
20827.jpg,4
20829.jpg,4
20830.jpg,4
20836.jpg,4
20837.jpg,4
20839.jpg,4
2084.jpg,4
20845.jpg,4
20849.jpg,4
20850.jpg,4
20852.jpg,4
20855.jpg,4
20859.jpg,4
20861.jpg,4
20862.jpg,4
20865.jpg,4
20875.jpg,4
20877.jpg,4
20880.jpg,4
20881.jpg,4
20883.jpg,4
20886.jpg,4
20891.jpg,4
2090.jpg,4
20901.jpg,4
20902.jpg,4
20912.jpg,4
20913.jpg,4
20914.jpg,4
20919.jpg,4
20920.jpg,4
20923.jpg,4
20932.jpg,4
20936.jpg,4
20939.jpg,4
2094.jpg,4
20943.jpg,4
20945.jpg,4
20951.jpg,4
20956.jpg,4
20957.jpg,4
2096.jpg,4
20964.jpg,4
20967.jpg,4
20969.jpg,4
20973.jpg,4
20977.jpg,4
20979.jpg,4
20987.jpg,4
20990.jpg,4
20993.jpg,4
20997.jpg,4
21002.jpg,4
21003.jpg,4
21005.jpg,4
21009.jpg,4
21010.jpg,4
21015.jpg,4
2102.jpg,4
21021.jpg,4
21023.jpg,4
21026.jpg,4
21028.jpg,4
21029.jpg,4
21030.jpg,4
21031.jpg,4
21033.jpg,4
21039.jpg,4
21048.jpg,4
21050.jpg,4
21051.jpg,4
21056.jpg,4
21057.jpg,4
2106.jpg,4
21068.jpg,4
21070.jpg,4
21071.jpg,4
21072.jpg,4
21074.jpg,4
21075.jpg,4
21079.jpg,4
21080.jpg,4
21082.jpg,4
21084.jpg,4
21088.jpg,4
21089.jpg,4
21094.jpg,4
211.jpg,4
21103.jpg,4
21109.jpg,4
21110.jpg,4
21111.jpg,4
21112.jpg,4
21113.jpg,4
21114.jpg,4
21116.jpg,4
21117.jpg,4
2112.jpg,4
21122.jpg,4
21124.jpg,4
21127.jpg,4
21131.jpg,4
21132.jpg,4
21133.jpg,4
21134.jpg,4
21140.jpg,4
21145.jpg,4
21147.jpg,4
21157.jpg,4
21160.jpg,4
21164.jpg,4
21165.jpg,4
21166.jpg,4
2117.jpg,4
21171.jpg,4
21172.jpg,4
21178.jpg,4
2118.jpg,4
21180.jpg,4
21181.jpg,4
21184.jpg,4
21188.jpg,4
21189.jpg,4
2119.jpg,4
21190.jpg,4
21193.jpg,4
21194.jpg,4
21195.jpg,4
212.jpg,4
21202.jpg,4
21204.jpg,4
21205.jpg,4
21208.jpg,4
21211.jpg,4
21218.jpg,4
21219.jpg,4
21223.jpg,4
21228.jpg,4
21235.jpg,4
2124.jpg,4
21249.jpg,4
21251.jpg,4
21252.jpg,4
21253.jpg,4
21261.jpg,4
21264.jpg,4
21265.jpg,4
21267.jpg,4
21268.jpg,4
21270.jpg,4
21273.jpg,4
21275.jpg,4
2128.jpg,4
21282.jpg,4
21283.jpg,4
21284.jpg,4
21289.jpg,4
2129.jpg,4
21295.jpg,4
21299.jpg,4
2130.jpg,4
21300.jpg,4
21308.jpg,4
21312.jpg,4
21315.jpg,4
21321.jpg,4
21322.jpg,4
21323.jpg,4
21324.jpg,4
21326.jpg,4
21327.jpg,4
2133.jpg,4
21330.jpg,4
21331.jpg,4
21332.jpg,4
21333.jpg,4
21335.jpg,4
21337.jpg,4
21338.jpg,4
21346.jpg,4
2135.jpg,4
21351.jpg,4
21365.jpg,4
21370.jpg,4
21372.jpg,4
21374.jpg,4
21379.jpg,4
2138.jpg,4
21382.jpg,4
21384.jpg,4
21388.jpg,4
2139.jpg,4
21391.jpg,4
21394.jpg,4
21395.jpg,4
21397.jpg,4
21398.jpg,4
21402.jpg,4
21403.jpg,4
21404.jpg,4
21408.jpg,4
2141.jpg,4
21413.jpg,4
21416.jpg,4
21420.jpg,4
21424.jpg,4
21425.jpg,4
21429.jpg,4
21436.jpg,4
21438.jpg,4
21439.jpg,4
21440.jpg,4
21441.jpg,4
21444.jpg,4
21446.jpg,4
21449.jpg,4
21451.jpg,4
21457.jpg,4
2146.jpg,4
21460.jpg,4
21467.jpg,4
21471.jpg,4
21474.jpg,4
21477.jpg,4
21482.jpg,4
21487.jpg,4
21489.jpg,4
21493.jpg,4
21495.jpg,4
215.jpg,4
21500.jpg,4
21502.jpg,4
21508.jpg,4
21509.jpg,4
2151.jpg,4
21511.jpg,4
21515.jpg,4
21520.jpg,4
21521.jpg,4
21523.jpg,4
21528.jpg,4
2153.jpg,4
21530.jpg,4
21531.jpg,4
21532.jpg,4
21534.jpg,4
21536.jpg,4
21540.jpg,4
21541.jpg,4
21548.jpg,4
21549.jpg,4
21550.jpg,4
21552.jpg,4
21561.jpg,4
21562.jpg,4
21565.jpg,4
21566.jpg,4
21567.jpg,4
21571.jpg,4
21577.jpg,4
21579.jpg,4
21582.jpg,4
21585.jpg,4
21588.jpg,4
21590.jpg,4
21594.jpg,4
21595.jpg,4
21602.jpg,4
21606.jpg,4
21608.jpg,4
21616.jpg,4
21619.jpg,4
21622.jpg,4
21625.jpg,4
21626.jpg,4
21628.jpg,4
21629.jpg,4
2163.jpg,4
21636.jpg,4
21637.jpg,4
21642.jpg,4
2165.jpg,4
21652.jpg,4
21654.jpg,4
21661.jpg,4
21667.jpg,4
21668.jpg,4
2167.jpg,4
21672.jpg,4
21673.jpg,4
21679.jpg,4
21681.jpg,4
21687.jpg,4
21690.jpg,4
21692.jpg,4
21693.jpg,4
21696.jpg,4
21698.jpg,4
21700.jpg,4
21704.jpg,4
21705.jpg,4
21708.jpg,4
21709.jpg,4
21713.jpg,4
21716.jpg,4
21718.jpg,4
21728.jpg,4
21732.jpg,4
21733.jpg,4
21739.jpg,4
21741.jpg,4
21742.jpg,4
21746.jpg,4
21748.jpg,4
21752.jpg,4
21753.jpg,4
21755.jpg,4
21757.jpg,4
21758.jpg,4
21760.jpg,4
21767.jpg,4
21773.jpg,4
21778.jpg,4
21782.jpg,4
21785.jpg,4
21786.jpg,4
21791.jpg,4
21795.jpg,4
21796.jpg,4
2180.jpg,4
21802.jpg,4
21803.jpg,4
21809.jpg,4
21815.jpg,4
21820.jpg,4
21821.jpg,4
21822.jpg,4
21823.jpg,4
21825.jpg,4
21830.jpg,4
21831.jpg,4
21833.jpg,4
21834.jpg,4
21835.jpg,4
21836.jpg,4
21838.jpg,4
21839.jpg,4
21847.jpg,4
21848.jpg,4
21850.jpg,4
21854.jpg,4
21863.jpg,4
21867.jpg,4
21869.jpg,4
2187.jpg,4
21871.jpg,4
21877.jpg,4
21878.jpg,4
21880.jpg,4
21882.jpg,4
21883.jpg,4
21886.jpg,4
21888.jpg,4
21891.jpg,4
21899.jpg,4
2190.jpg,4
21901.jpg,4
21902.jpg,4
2191.jpg,4
21914.jpg,4
21920.jpg,4
21922.jpg,4
21925.jpg,4
21927.jpg,4
21928.jpg,4
21930.jpg,4
21931.jpg,4
21938.jpg,4
21939.jpg,4
21944.jpg,4
21946.jpg,4
21951.jpg,4
21952.jpg,4
21953.jpg,4
21958.jpg,4
21963.jpg,4
21966.jpg,4
21968.jpg,4
21969.jpg,4
21971.jpg,4
21974.jpg,4
21975.jpg,4
21976.jpg,4
2198.jpg,4
21980.jpg,4
21988.jpg,4
21997.jpg,4
21998.jpg,4
22.jpg,4
2200.jpg,4
22002.jpg,4
22006.jpg,4
22007.jpg,4
22008.jpg,4
22010.jpg,4
22013.jpg,4
22016.jpg,4
22018.jpg,4
22023.jpg,4
22033.jpg,4
22039.jpg,4
22041.jpg,4
22044.jpg,4
22047.jpg,4
22049.jpg,4
22052.jpg,4
22053.jpg,4
22055.jpg,4
22056.jpg,4
22059.jpg,4
2206.jpg,4
22060.jpg,4
22061.jpg,4
22067.jpg,4
22069.jpg,4
2207.jpg,4
22075.jpg,4
22077.jpg,4
2208.jpg,4
22080.jpg,4
22081.jpg,4
22084.jpg,4
22094.jpg,4
221.jpg,4
22106.jpg,4
22108.jpg,4
22113.jpg,4
22114.jpg,4
22118.jpg,4
22122.jpg,4
2213.jpg,4
22131.jpg,4
22135.jpg,4
22142.jpg,4
22146.jpg,4
22148.jpg,4
22151.jpg,4
22155.jpg,4
2216.jpg,4
22164.jpg,4
2217.jpg,4
22170.jpg,4
22174.jpg,4
22178.jpg,4
22181.jpg,4
22190.jpg,4
22194.jpg,4
22195.jpg,4
222.jpg,4
22206.jpg,4
2221.jpg,4
22211.jpg,4
22213.jpg,4
22217.jpg,4
22218.jpg,4
22224.jpg,4
22225.jpg,4
22226.jpg,4
22229.jpg,4
22236.jpg,4
22238.jpg,4
2224.jpg,4
22242.jpg,4
22244.jpg,4
22248.jpg,4
22263.jpg,4
2227.jpg,4
22270.jpg,4
22274.jpg,4
22275.jpg,4
2228.jpg,4
22281.jpg,4
22282.jpg,4
22285.jpg,4
22287.jpg,4
22288.jpg,4
22292.jpg,4
22297.jpg,4
22298.jpg,4
22300.jpg,4
22302.jpg,4
22303.jpg,4
22305.jpg,4
2231.jpg,4
22312.jpg,4
22313.jpg,4
22319.jpg,4
22323.jpg,4
22324.jpg,4
22327.jpg,4
22332.jpg,4
22333.jpg,4
22334.jpg,4
22344.jpg,4
22348.jpg,4
2235.jpg,4
22352.jpg,4
22359.jpg,4
22361.jpg,4
22363.jpg,4
22364.jpg,4
22365.jpg,4
22367.jpg,4
2237.jpg,4
22371.jpg,4
22381.jpg,4
22392.jpg,4
22395.jpg,4
22396.jpg,4
22397.jpg,4
2240.jpg,4
22402.jpg,4
22403.jpg,4
22404.jpg,4
22407.jpg,4
22413.jpg,4
22418.jpg,4
22419.jpg,4
22422.jpg,4
22429.jpg,4
22430.jpg,4
22435.jpg,4
2244.jpg,4
22443.jpg,4
22445.jpg,4
22449.jpg,4
2245.jpg,4
22454.jpg,4
22456.jpg,4
2246.jpg,4
22463.jpg,4
22466.jpg,4
22468.jpg,4
2247.jpg,4
22474.jpg,4
22477.jpg,4
2248.jpg,4
22480.jpg,4
22482.jpg,4
22485.jpg,4
22489.jpg,4
22492.jpg,4
22497.jpg,4
22498.jpg,4
22499.jpg,4
225.jpg,4
22505.jpg,4
22507.jpg,4
22509.jpg,4
2251.jpg,4
22519.jpg,4
22521.jpg,4
22523.jpg,4
22524.jpg,4
22529.jpg,4
2253.jpg,4
22530.jpg,4
22532.jpg,4
22533.jpg,4
22535.jpg,4
22541.jpg,4
22544.jpg,4
22548.jpg,4
22549.jpg,4
22551.jpg,4
22554.jpg,4
22559.jpg,4
22560.jpg,4
22561.jpg,4
22566.jpg,4
22573.jpg,4
22578.jpg,4
22579.jpg,4
2258.jpg,4
22582.jpg,4
22584.jpg,4
22590.jpg,4
22591.jpg,4
22594.jpg,4
2260.jpg,4
22601.jpg,4
22604.jpg,4
22605.jpg,4
22607.jpg,4
22610.jpg,4
22611.jpg,4
22612.jpg,4
22613.jpg,4
22615.jpg,4
22618.jpg,4
22621.jpg,4
22622.jpg,4
22627.jpg,4
22630.jpg,4
22638.jpg,4
22641.jpg,4
22649.jpg,4
22651.jpg,4
22658.jpg,4
22659.jpg,4
22662.jpg,4
22674.jpg,4
2268.jpg,4
22680.jpg,4
22682.jpg,4
22684.jpg,4
22693.jpg,4
22697.jpg,4
22698.jpg,4
227.jpg,4
2270.jpg,4
22701.jpg,4
22704.jpg,4
2271.jpg,4
22713.jpg,4
22714.jpg,4
22715.jpg,4
22726.jpg,4
22728.jpg,4
22729.jpg,4
22733.jpg,4
22739.jpg,4
22743.jpg,4
22744.jpg,4
22749.jpg,4
2275.jpg,4
22750.jpg,4
22751.jpg,4
22752.jpg,4
22757.jpg,4
22758.jpg,4
2276.jpg,4
22762.jpg,4
22770.jpg,4
22772.jpg,4
22773.jpg,4
2278.jpg,4
22781.jpg,4
22783.jpg,4
22785.jpg,4
22787.jpg,4
22788.jpg,4
22791.jpg,4
22792.jpg,4
22793.jpg,4
22794.jpg,4
22795.jpg,4
22796.jpg,4
22798.jpg,4
22802.jpg,4
22803.jpg,4
22806.jpg,4
22808.jpg,4
22815.jpg,4
22816.jpg,4
22825.jpg,4
22828.jpg,4
2283.jpg,4
22835.jpg,4
22838.jpg,4
22840.jpg,4
22841.jpg,4
22853.jpg,4
2286.jpg,4
22861.jpg,4
22863.jpg,4
22865.jpg,4
22872.jpg,4
22873.jpg,4
22874.jpg,4
22878.jpg,4
22880.jpg,4
22888.jpg,4
22889.jpg,4
22892.jpg,4
22894.jpg,4
22901.jpg,4
22902.jpg,4
22904.jpg,4
22905.jpg,4
22906.jpg,4
22909.jpg,4
22910.jpg,4
22914.jpg,4
22916.jpg,4
22918.jpg,4
22922.jpg,4
22923.jpg,4
22926.jpg,4
22929.jpg,4
22931.jpg,4
22932.jpg,4
22937.jpg,4
22939.jpg,4
22940.jpg,4
22945.jpg,4
22946.jpg,4
22957.jpg,4
2296.jpg,4
22968.jpg,4
22972.jpg,4
22975.jpg,4
22979.jpg,4
22981.jpg,4
22984.jpg,4
22985.jpg,4
2299.jpg,4
22999.jpg,4
23000.jpg,4
23007.jpg,4
23010.jpg,4
23013.jpg,4
23015.jpg,4
23017.jpg,4
23019.jpg,4
2302.jpg,4
23020.jpg,4
23021.jpg,4
23025.jpg,4
23028.jpg,4
23029.jpg,4
23030.jpg,4
23034.jpg,4
23035.jpg,4
23038.jpg,4
23039.jpg,4
23043.jpg,4
23046.jpg,4
2305.jpg,4
23050.jpg,4
23054.jpg,4
23056.jpg,4
23057.jpg,4
23059.jpg,4
23063.jpg,4
23064.jpg,4
23066.jpg,4
23071.jpg,4
23074.jpg,4
23077.jpg,4
23078.jpg,4
23080.jpg,4
23081.jpg,4
23082.jpg,4
23083.jpg,4
23085.jpg,4
23086.jpg,4
2309.jpg,4
23092.jpg,4
23095.jpg,4
23099.jpg,4
23112.jpg,4
23113.jpg,4
23115.jpg,4
23120.jpg,4
23121.jpg,4
23128.jpg,4
23129.jpg,4
2313.jpg,4
23132.jpg,4
23134.jpg,4
23140.jpg,4
23142.jpg,4
23145.jpg,4
23146.jpg,4
23147.jpg,4
2315.jpg,4
23152.jpg,4
23158.jpg,4
2316.jpg,4
23168.jpg,4
2317.jpg,4
23170.jpg,4
23173.jpg,4
23178.jpg,4
23184.jpg,4
23190.jpg,4
23196.jpg,4
23197.jpg,4
23198.jpg,4
23199.jpg,4
23200.jpg,4
23202.jpg,4
23203.jpg,4
23204.jpg,4
23206.jpg,4
23214.jpg,4
23216.jpg,4
23217.jpg,4
23231.jpg,4
23235.jpg,4
23238.jpg,4
23239.jpg,4
23249.jpg,4
23251.jpg,4
23252.jpg,4
23258.jpg,4
2326.jpg,4
23264.jpg,4
23267.jpg,4
23278.jpg,4
23279.jpg,4
2328.jpg,4
23288.jpg,4
2329.jpg,4
233.jpg,4
2330.jpg,4
23300.jpg,4
23302.jpg,4
23303.jpg,4
23305.jpg,4
23307.jpg,4
23311.jpg,4
23313.jpg,4
23323.jpg,4
23326.jpg,4
23330.jpg,4
23331.jpg,4
23335.jpg,4
23340.jpg,4
23341.jpg,4
23345.jpg,4
23347.jpg,4
23350.jpg,4
23352.jpg,4
23354.jpg,4
23356.jpg,4
23357.jpg,4
23358.jpg,4
23364.jpg,4
23372.jpg,4
23374.jpg,4
23378.jpg,4
23379.jpg,4
23391.jpg,4
23394.jpg,4
23395.jpg,4
23396.jpg,4
23397.jpg,4
23399.jpg,4
2340.jpg,4
23403.jpg,4
23410.jpg,4
23412.jpg,4
23414.jpg,4
23415.jpg,4
23422.jpg,4
23424.jpg,4
23425.jpg,4
23426.jpg,4
23434.jpg,4
23438.jpg,4
23439.jpg,4
23440.jpg,4
23449.jpg,4
23460.jpg,4
23467.jpg,4
23468.jpg,4
23479.jpg,4
23480.jpg,4
23482.jpg,4
23483.jpg,4
23485.jpg,4
23488.jpg,4
23493.jpg,4
23494.jpg,4
23500.jpg,4
23501.jpg,4
23504.jpg,4
23506.jpg,4
23508.jpg,4
2351.jpg,4
23513.jpg,4
23514.jpg,4
23517.jpg,4
23518.jpg,4
23519.jpg,4
2352.jpg,4
23523.jpg,4
23524.jpg,4
23525.jpg,4
23526.jpg,4
23532.jpg,4
23533.jpg,4
23539.jpg,4
2354.jpg,4
23544.jpg,4
23545.jpg,4
23546.jpg,4
2355.jpg,4
23553.jpg,4
23556.jpg,4
23558.jpg,4
23561.jpg,4
23566.jpg,4
23568.jpg,4
23569.jpg,4
23571.jpg,4
23572.jpg,4
23580.jpg,4
23581.jpg,4
23582.jpg,4
23583.jpg,4
2359.jpg,4
23592.jpg,4
23595.jpg,4
23599.jpg,4
23601.jpg,4
23602.jpg,4
23605.jpg,4
23607.jpg,4
23614.jpg,4
23615.jpg,4
23618.jpg,4
23621.jpg,4
23622.jpg,4
23626.jpg,4
23627.jpg,4
2363.jpg,4
23631.jpg,4
23634.jpg,4
2364.jpg,4
23645.jpg,4
23646.jpg,4
23650.jpg,4
23651.jpg,4
23654.jpg,4
23662.jpg,4
23664.jpg,4
23665.jpg,4
23666.jpg,4
2367.jpg,4
23670.jpg,4
23671.jpg,4
23672.jpg,4
23673.jpg,4
23674.jpg,4
2368.jpg,4
23680.jpg,4
23685.jpg,4
23690.jpg,4
23691.jpg,4
23693.jpg,4
23696.jpg,4
23699.jpg,4
237.jpg,4
2370.jpg,4
23701.jpg,4
23704.jpg,4
23706.jpg,4
23719.jpg,4
23720.jpg,4
23722.jpg,4
2373.jpg,4
23730.jpg,4
23732.jpg,4
23740.jpg,4
23742.jpg,4
23751.jpg,4
23752.jpg,4
23754.jpg,4
23755.jpg,4
2376.jpg,4
23763.jpg,4
23765.jpg,4
23767.jpg,4
23768.jpg,4
23770.jpg,4
23772.jpg,4
23777.jpg,4
23778.jpg,4
2378.jpg,4
23784.jpg,4
23787.jpg,4
23788.jpg,4
23789.jpg,4
2379.jpg,4
23790.jpg,4
23799.jpg,4
238.jpg,4
23800.jpg,4
23802.jpg,4
23803.jpg,4
23805.jpg,4
23809.jpg,4
23811.jpg,4
23820.jpg,4
23823.jpg,4
23824.jpg,4
23827.jpg,4
23828.jpg,4
2383.jpg,4
23831.jpg,4
23832.jpg,4
23834.jpg,4
23836.jpg,4
23839.jpg,4
23840.jpg,4
23842.jpg,4
23844.jpg,4
23847.jpg,4
23849.jpg,4
23850.jpg,4
23856.jpg,4
23857.jpg,4
23858.jpg,4
23863.jpg,4
23864.jpg,4
23878.jpg,4
23880.jpg,4
23881.jpg,4
23882.jpg,4
23887.jpg,4
23891.jpg,4
23893.jpg,4
23894.jpg,4
23895.jpg,4
23897.jpg,4
23904.jpg,4
23905.jpg,4
23911.jpg,4
23913.jpg,4
23914.jpg,4
23916.jpg,4
23917.jpg,4
23921.jpg,4
23922.jpg,4
23924.jpg,4
23934.jpg,4
23940.jpg,4
23941.jpg,4
23944.jpg,4
23946.jpg,4
2395.jpg,4
23953.jpg,4
23954.jpg,4
23957.jpg,4
2396.jpg,4
23960.jpg,4
23963.jpg,4
23966.jpg,4
23970.jpg,4
23971.jpg,4
2398.jpg,4
23980.jpg,4
23983.jpg,4
23985.jpg,4
23991.jpg,4
23992.jpg,4
23994.jpg,4
23996.jpg,4
23999.jpg,4
24002.jpg,4
24003.jpg,4
2401.jpg,4
24012.jpg,4
24014.jpg,4
24015.jpg,4
2402.jpg,4
24025.jpg,4
24028.jpg,4
2403.jpg,4
24030.jpg,4
24031.jpg,4
24035.jpg,4
24038.jpg,4
2404.jpg,4
24042.jpg,4
24046.jpg,4
24048.jpg,4
24054.jpg,4
24061.jpg,4
24064.jpg,4
24065.jpg,4
24067.jpg,4
24068.jpg,4
24069.jpg,4
24071.jpg,4
24074.jpg,4
24079.jpg,4
2408.jpg,4
24081.jpg,4
24084.jpg,4
24089.jpg,4
24090.jpg,4
24092.jpg,4
24093.jpg,4
24102.jpg,4
24104.jpg,4
24105.jpg,4
24114.jpg,4
24116.jpg,4
24117.jpg,4
2412.jpg,4
24121.jpg,4
24125.jpg,4
24134.jpg,4
24140.jpg,4
24142.jpg,4
24144.jpg,4
24148.jpg,4
24151.jpg,4
24156.jpg,4
24157.jpg,4
24162.jpg,4
24164.jpg,4
24168.jpg,4
24182.jpg,4
24183.jpg,4
24188.jpg,4
24191.jpg,4
24192.jpg,4
24194.jpg,4
242.jpg,4
24202.jpg,4
24210.jpg,4
24216.jpg,4
24217.jpg,4
24225.jpg,4
24227.jpg,4
24232.jpg,4
24233.jpg,4
24238.jpg,4
2424.jpg,4
24240.jpg,4
24243.jpg,4
2425.jpg,4
24253.jpg,4
24255.jpg,4
24257.jpg,4
24259.jpg,4
2427.jpg,4
24272.jpg,4
24276.jpg,4
24278.jpg,4
24281.jpg,4
24288.jpg,4
24289.jpg,4
24291.jpg,4
24293.jpg,4
24296.jpg,4
24298.jpg,4
24302.jpg,4
24303.jpg,4
24305.jpg,4
24306.jpg,4
24307.jpg,4
24308.jpg,4
24316.jpg,4
24318.jpg,4
2432.jpg,4
24326.jpg,4
24327.jpg,4
24330.jpg,4
24331.jpg,4
24333.jpg,4
2438.jpg,4
244.jpg,4
2441.jpg,4
2442.jpg,4
2444.jpg,4
2447.jpg,4
2449.jpg,4
2452.jpg,4
2459.jpg,4
2466.jpg,4
2467.jpg,4
2473.jpg,4
2474.jpg,4
2476.jpg,4
2482.jpg,4
2483.jpg,4
2485.jpg,4
2488.jpg,4
2490.jpg,4
2491.jpg,4
2493.jpg,4
2498.jpg,4
2499.jpg,4
25.jpg,4
2500.jpg,4
2501.jpg,4
2507.jpg,4
251.jpg,4
2514.jpg,4
252.jpg,4
2521.jpg,4
2522.jpg,4
2525.jpg,4
2530.jpg,4
2532.jpg,4
2533.jpg,4
2534.jpg,4
2538.jpg,4
2542.jpg,4
2545.jpg,4
255.jpg,4
2551.jpg,4
2552.jpg,4
2553.jpg,4
2554.jpg,4
2556.jpg,4
2557.jpg,4
2561.jpg,4
2563.jpg,4
2572.jpg,4
2574.jpg,4
2576.jpg,4
2577.jpg,4
2580.jpg,4
2583.jpg,4
2585.jpg,4
2588.jpg,4
2593.jpg,4
2595.jpg,4
2606.jpg,4
2610.jpg,4
2611.jpg,4
2620.jpg,4
2622.jpg,4
2624.jpg,4
2628.jpg,4
2631.jpg,4
2632.jpg,4
2634.jpg,4
2637.jpg,4
2640.jpg,4
2642.jpg,4
2645.jpg,4
2646.jpg,4
2650.jpg,4
2651.jpg,4
2664.jpg,4
268.jpg,4
2682.jpg,4
2684.jpg,4
2685.jpg,4
2686.jpg,4
2689.jpg,4
2690.jpg,4
2694.jpg,4
2696.jpg,4
2700.jpg,4
2701.jpg,4
2708.jpg,4
271.jpg,4
2711.jpg,4
2718.jpg,4
2719.jpg,4
2722.jpg,4
2728.jpg,4
273.jpg,4
2731.jpg,4
2734.jpg,4
2737.jpg,4
2739.jpg,4
274.jpg,4
2745.jpg,4
2750.jpg,4
2756.jpg,4
2760.jpg,4
2761.jpg,4
2766.jpg,4
2767.jpg,4
2771.jpg,4
2778.jpg,4
2779.jpg,4
278.jpg,4
2780.jpg,4
2781.jpg,4
2783.jpg,4
2784.jpg,4
2789.jpg,4
2791.jpg,4
2794.jpg,4
2795.jpg,4
2798.jpg,4
28.jpg,4
2801.jpg,4
2812.jpg,4
2813.jpg,4
2814.jpg,4
2816.jpg,4
2819.jpg,4
2820.jpg,4
2824.jpg,4
2825.jpg,4
2828.jpg,4
2829.jpg,4
2832.jpg,4
2833.jpg,4
2834.jpg,4
284.jpg,4
2841.jpg,4
2843.jpg,4
2844.jpg,4
2845.jpg,4
2846.jpg,4
2851.jpg,4
2852.jpg,4
2854.jpg,4
2860.jpg,4
2861.jpg,4
2865.jpg,4
2866.jpg,4
2867.jpg,4
287.jpg,4
2872.jpg,4
2883.jpg,4
2895.jpg,4
2898.jpg,4
2899.jpg,4
2901.jpg,4
2904.jpg,4
2906.jpg,4
291.jpg,4
2910.jpg,4
2911.jpg,4
2918.jpg,4
2920.jpg,4
2931.jpg,4
2933.jpg,4
2938.jpg,4
2941.jpg,4
2945.jpg,4
2952.jpg,4
2955.jpg,4
2956.jpg,4
2966.jpg,4
2969.jpg,4
2970.jpg,4
2972.jpg,4
2974.jpg,4
2977.jpg,4
2980.jpg,4
2982.jpg,4
2986.jpg,4
2992.jpg,4
3.jpg,4
30.jpg,4
3002.jpg,4
3006.jpg,4
3011.jpg,4
3012.jpg,4
3013.jpg,4
302.jpg,4
3022.jpg,4
3026.jpg,4
3027.jpg,4
303.jpg,4
3034.jpg,4
3037.jpg,4
3042.jpg,4
3043.jpg,4
3048.jpg,4
3049.jpg,4
3052.jpg,4
3059.jpg,4
3062.jpg,4
3065.jpg,4
3068.jpg,4
308.jpg,4
3080.jpg,4
3084.jpg,4
3085.jpg,4
3093.jpg,4
3096.jpg,4
3097.jpg,4
310.jpg,4
3101.jpg,4
3112.jpg,4
3120.jpg,4
3127.jpg,4
3128.jpg,4
3129.jpg,4
3133.jpg,4
3135.jpg,4
3140.jpg,4
3144.jpg,4
3146.jpg,4
3156.jpg,4
3159.jpg,4
3160.jpg,4
3161.jpg,4
3164.jpg,4
3166.jpg,4
3167.jpg,4
3168.jpg,4
3169.jpg,4
3171.jpg,4
3174.jpg,4
3176.jpg,4
3177.jpg,4
3179.jpg,4
3186.jpg,4
3187.jpg,4
3189.jpg,4
319.jpg,4
3198.jpg,4
320.jpg,4
3201.jpg,4
3206.jpg,4
3208.jpg,4
3212.jpg,4
3214.jpg,4
3223.jpg,4
3228.jpg,4
3231.jpg,4
3233.jpg,4
324.jpg,4
3240.jpg,4
3242.jpg,4
3246.jpg,4
3248.jpg,4
3250.jpg,4
3252.jpg,4
3254.jpg,4
3258.jpg,4
327.jpg,4
3271.jpg,4
3276.jpg,4
3277.jpg,4
328.jpg,4
3283.jpg,4
3285.jpg,4
3286.jpg,4
3289.jpg,4
3292.jpg,4
3294.jpg,4
3301.jpg,4
3312.jpg,4
3317.jpg,4
3321.jpg,4
3322.jpg,4
3324.jpg,4
3326.jpg,4
3335.jpg,4
3338.jpg,4
334.jpg,4
3345.jpg,4
3349.jpg,4
3350.jpg,4
3351.jpg,4
3362.jpg,4
3363.jpg,4
337.jpg,4
3371.jpg,4
3372.jpg,4
3374.jpg,4
3379.jpg,4
3380.jpg,4
3390.jpg,4
3393.jpg,4
3398.jpg,4
3402.jpg,4
3404.jpg,4
3407.jpg,4
3408.jpg,4
3409.jpg,4
3413.jpg,4
3414.jpg,4
3415.jpg,4
3417.jpg,4
3418.jpg,4
3419.jpg,4
3421.jpg,4
3431.jpg,4
3432.jpg,4
3433.jpg,4
3436.jpg,4
344.jpg,4
3441.jpg,4
3445.jpg,4
3451.jpg,4
3452.jpg,4
3455.jpg,4
3459.jpg,4
346.jpg,4
3463.jpg,4
3464.jpg,4
3466.jpg,4
347.jpg,4
3471.jpg,4
3472.jpg,4
3474.jpg,4
3478.jpg,4
3483.jpg,4
3486.jpg,4
3495.jpg,4
350.jpg,4
3502.jpg,4
3508.jpg,4
351.jpg,4
3515.jpg,4
3517.jpg,4
3520.jpg,4
3522.jpg,4
3525.jpg,4
3531.jpg,4
3536.jpg,4
3537.jpg,4
354.jpg,4
3541.jpg,4
3544.jpg,4
3550.jpg,4
3552.jpg,4
3555.jpg,4
3564.jpg,4
3565.jpg,4
3570.jpg,4
3576.jpg,4
3577.jpg,4
3578.jpg,4
3580.jpg,4
3581.jpg,4
3584.jpg,4
3589.jpg,4
3590.jpg,4
3594.jpg,4
3595.jpg,4
3597.jpg,4
360.jpg,4
3600.jpg,4
3605.jpg,4
3609.jpg,4
3612.jpg,4
362.jpg,4
3622.jpg,4
3625.jpg,4
3627.jpg,4
3632.jpg,4
3633.jpg,4
3639.jpg,4
3640.jpg,4
3642.jpg,4
3644.jpg,4
3646.jpg,4
3648.jpg,4
365.jpg,4
3652.jpg,4
3655.jpg,4
3656.jpg,4
3668.jpg,4
3672.jpg,4
3673.jpg,4
3677.jpg,4
368.jpg,4
3681.jpg,4
3688.jpg,4
3690.jpg,4
3696.jpg,4
3698.jpg,4
3700.jpg,4
3703.jpg,4
3705.jpg,4
3707.jpg,4
3709.jpg,4
3710.jpg,4
3714.jpg,4
3715.jpg,4
3716.jpg,4
3720.jpg,4
3721.jpg,4
3725.jpg,4
3728.jpg,4
3729.jpg,4
3730.jpg,4
3735.jpg,4
3738.jpg,4
3739.jpg,4
374.jpg,4
375.jpg,4
3753.jpg,4
3754.jpg,4
3755.jpg,4
3757.jpg,4
3770.jpg,4
3772.jpg,4
3776.jpg,4
3778.jpg,4
3782.jpg,4
3789.jpg,4
379.jpg,4
3790.jpg,4
3799.jpg,4
38.jpg,4
3805.jpg,4
3814.jpg,4
3817.jpg,4
3819.jpg,4
382.jpg,4
3821.jpg,4
3823.jpg,4
3830.jpg,4
3832.jpg,4
3833.jpg,4
3835.jpg,4
3838.jpg,4
3846.jpg,4
385.jpg,4
3851.jpg,4
3853.jpg,4
3854.jpg,4
3855.jpg,4
3859.jpg,4
3865.jpg,4
3867.jpg,4
387.jpg,4
388.jpg,4
3883.jpg,4
3886.jpg,4
3887.jpg,4
389.jpg,4
3892.jpg,4
3897.jpg,4
3906.jpg,4
3907.jpg,4
3910.jpg,4
3916.jpg,4
3917.jpg,4
3918.jpg,4
3919.jpg,4
3923.jpg,4
3925.jpg,4
3926.jpg,4
393.jpg,4
3930.jpg,4
3932.jpg,4
3942.jpg,4
3946.jpg,4
3947.jpg,4
3953.jpg,4
3962.jpg,4
3966.jpg,4
3970.jpg,4
3975.jpg,4
3976.jpg,4
3979.jpg,4
398.jpg,4
3981.jpg,4
3982.jpg,4
3983.jpg,4
3986.jpg,4
3987.jpg,4
399.jpg,4
3995.jpg,4
3996.jpg,4
400.jpg,4
4011.jpg,4
4013.jpg,4
4014.jpg,4
4019.jpg,4
4021.jpg,4
4022.jpg,4
4023.jpg,4
403.jpg,4
4030.jpg,4
4032.jpg,4
4035.jpg,4
4036.jpg,4
4037.jpg,4
4040.jpg,4
4043.jpg,4
4045.jpg,4
4050.jpg,4
4058.jpg,4
4061.jpg,4
4063.jpg,4
4066.jpg,4
4069.jpg,4
4071.jpg,4
4072.jpg,4
4073.jpg,4
4074.jpg,4
4078.jpg,4
408.jpg,4
4080.jpg,4
4083.jpg,4
4085.jpg,4
4089.jpg,4
4091.jpg,4
4094.jpg,4
410.jpg,4
4101.jpg,4
4104.jpg,4
4105.jpg,4
4107.jpg,4
4108.jpg,4
4111.jpg,4
4113.jpg,4
4118.jpg,4
4121.jpg,4
4122.jpg,4
4123.jpg,4
4124.jpg,4
4126.jpg,4
4127.jpg,4
413.jpg,4
4133.jpg,4
4135.jpg,4
4136.jpg,4
4138.jpg,4
4140.jpg,4
4149.jpg,4
4150.jpg,4
4153.jpg,4
4157.jpg,4
4164.jpg,4
4166.jpg,4
4167.jpg,4
4168.jpg,4
4169.jpg,4
4170.jpg,4
4176.jpg,4
4179.jpg,4
4180.jpg,4
4183.jpg,4
4185.jpg,4
4188.jpg,4
4190.jpg,4
4195.jpg,4
4196.jpg,4
4198.jpg,4
420.jpg,4
4200.jpg,4
4201.jpg,4
4203.jpg,4
4204.jpg,4
4206.jpg,4
4207.jpg,4
4212.jpg,4
4213.jpg,4
4214.jpg,4
4216.jpg,4
4219.jpg,4
4220.jpg,4
4222.jpg,4
4223.jpg,4
4226.jpg,4
4229.jpg,4
423.jpg,4
4236.jpg,4
4237.jpg,4
424.jpg,4
4240.jpg,4
4241.jpg,4
4242.jpg,4
4243.jpg,4
4245.jpg,4
4246.jpg,4
4247.jpg,4
4248.jpg,4
425.jpg,4
4254.jpg,4
4262.jpg,4
4265.jpg,4
4268.jpg,4
4272.jpg,4
4274.jpg,4
4277.jpg,4
4278.jpg,4
428.jpg,4
4280.jpg,4
4282.jpg,4
4284.jpg,4
4285.jpg,4
4286.jpg,4
4288.jpg,4
429.jpg,4
4291.jpg,4
4296.jpg,4
4298.jpg,4
4300.jpg,4
4302.jpg,4
4305.jpg,4
4309.jpg,4
4315.jpg,4
4318.jpg,4
4319.jpg,4
4324.jpg,4
4325.jpg,4
4326.jpg,4
4328.jpg,4
4329.jpg,4
4331.jpg,4
4333.jpg,4
4336.jpg,4
434.jpg,4
4343.jpg,4
4345.jpg,4
4347.jpg,4
4349.jpg,4
435.jpg,4
4350.jpg,4
4353.jpg,4
4355.jpg,4
4357.jpg,4
436.jpg,4
4360.jpg,4
4361.jpg,4
4363.jpg,4
4364.jpg,4
4366.jpg,4
4367.jpg,4
4369.jpg,4
4374.jpg,4
4376.jpg,4
4379.jpg,4
4391.jpg,4
4394.jpg,4
4395.jpg,4
4396.jpg,4
4402.jpg,4
4405.jpg,4
4407.jpg,4
4409.jpg,4
4411.jpg,4
4415.jpg,4
4416.jpg,4
4418.jpg,4
4419.jpg,4
442.jpg,4
4420.jpg,4
4422.jpg,4
4424.jpg,4
4429.jpg,4
4430.jpg,4
4432.jpg,4
4434.jpg,4
4438.jpg,4
4439.jpg,4
4443.jpg,4
4445.jpg,4
4447.jpg,4
4448.jpg,4
4449.jpg,4
4453.jpg,4
4454.jpg,4
4462.jpg,4
4464.jpg,4
4468.jpg,4
4472.jpg,4
4473.jpg,4
4477.jpg,4
4480.jpg,4
4487.jpg,4
4489.jpg,4
4490.jpg,4
4494.jpg,4
4495.jpg,4
4496.jpg,4
4502.jpg,4
4503.jpg,4
4510.jpg,4
4518.jpg,4
4519.jpg,4
452.jpg,4
4521.jpg,4
4523.jpg,4
4524.jpg,4
4525.jpg,4
4526.jpg,4
453.jpg,4
4533.jpg,4
4535.jpg,4
4538.jpg,4
4542.jpg,4
4545.jpg,4
4546.jpg,4
4547.jpg,4
4549.jpg,4
4550.jpg,4
4559.jpg,4
4562.jpg,4
4563.jpg,4
4564.jpg,4
4570.jpg,4
4572.jpg,4
4574.jpg,4
4577.jpg,4
458.jpg,4
4580.jpg,4
4583.jpg,4
4584.jpg,4
4585.jpg,4
4586.jpg,4
4587.jpg,4
4588.jpg,4
4591.jpg,4
4592.jpg,4
4594.jpg,4
4596.jpg,4
4597.jpg,4
4603.jpg,4
4609.jpg,4
4610.jpg,4
4611.jpg,4
4613.jpg,4
4614.jpg,4
4615.jpg,4
4618.jpg,4
4619.jpg,4
462.jpg,4
4625.jpg,4
4632.jpg,4
4635.jpg,4
4636.jpg,4
4637.jpg,4
4641.jpg,4
4642.jpg,4
4643.jpg,4
4646.jpg,4
4649.jpg,4
465.jpg,4
4652.jpg,4
4653.jpg,4
4655.jpg,4
4656.jpg,4
4657.jpg,4
4660.jpg,4
4662.jpg,4
4664.jpg,4
4665.jpg,4
4668.jpg,4
467.jpg,4
4670.jpg,4
4674.jpg,4
4677.jpg,4
4680.jpg,4
4681.jpg,4
4683.jpg,4
4684.jpg,4
4685.jpg,4
4687.jpg,4
4688.jpg,4
4689.jpg,4
4692.jpg,4
4693.jpg,4
4696.jpg,4
4697.jpg,4
4698.jpg,4
4699.jpg,4
4701.jpg,4
4702.jpg,4
4703.jpg,4
4706.jpg,4
471.jpg,4
4710.jpg,4
4712.jpg,4
4713.jpg,4
4714.jpg,4
4718.jpg,4
4719.jpg,4
4720.jpg,4
4721.jpg,4
4722.jpg,4
4724.jpg,4
4726.jpg,4
4728.jpg,4
4730.jpg,4
4732.jpg,4
4733.jpg,4
4734.jpg,4
4735.jpg,4
4736.jpg,4
4740.jpg,4
4743.jpg,4
4746.jpg,4
4749.jpg,4
475.jpg,4
4751.jpg,4
4753.jpg,4
4754.jpg,4
4756.jpg,4
4757.jpg,4
4758.jpg,4
4760.jpg,4
4764.jpg,4
4765.jpg,4
4766.jpg,4
4769.jpg,4
4772.jpg,4
4773.jpg,4
4778.jpg,4
4780.jpg,4
4781.jpg,4
4782.jpg,4
4783.jpg,4
4784.jpg,4
4787.jpg,4
4792.jpg,4
4793.jpg,4
4799.jpg,4
4801.jpg,4
4802.jpg,4
4804.jpg,4
4807.jpg,4
4809.jpg,4
4811.jpg,4
4816.jpg,4
4817.jpg,4
482.jpg,4
4823.jpg,4
4825.jpg,4
4836.jpg,4
4837.jpg,4
4842.jpg,4
4843.jpg,4
4849.jpg,4
485.jpg,4
4853.jpg,4
4866.jpg,4
4867.jpg,4
4869.jpg,4
487.jpg,4
4876.jpg,4
4881.jpg,4
4882.jpg,4
4885.jpg,4
4888.jpg,4
4894.jpg,4
4896.jpg,4
490.jpg,4
4903.jpg,4
4910.jpg,4
4911.jpg,4
4915.jpg,4
4917.jpg,4
4919.jpg,4
492.jpg,4
4921.jpg,4
4925.jpg,4
4926.jpg,4
4929.jpg,4
493.jpg,4
4930.jpg,4
4931.jpg,4
4933.jpg,4
494.jpg,4
4944.jpg,4
4946.jpg,4
4947.jpg,4
4949.jpg,4
4955.jpg,4
4957.jpg,4
4960.jpg,4
4968.jpg,4
497.jpg,4
4976.jpg,4
498.jpg,4
4984.jpg,4
4986.jpg,4
499.jpg,4
4990.jpg,4
4991.jpg,4
4993.jpg,4
4995.jpg,4
5.jpg,4
5000.jpg,4
5004.jpg,4
5005.jpg,4
5010.jpg,4
5015.jpg,4
5016.jpg,4
5020.jpg,4
5022.jpg,4
5031.jpg,4
5036.jpg,4
5057.jpg,4
5061.jpg,4
5066.jpg,4
5067.jpg,4
5068.jpg,4
507.jpg,4
5070.jpg,4
5072.jpg,4
5077.jpg,4
51.jpg,4
5100.jpg,4
5103.jpg,4
5106.jpg,4
5107.jpg,4
5110.jpg,4
5112.jpg,4
5113.jpg,4
5115.jpg,4
5125.jpg,4
5126.jpg,4
5128.jpg,4
513.jpg,4
5130.jpg,4
5134.jpg,4
5137.jpg,4
5144.jpg,4
5146.jpg,4
515.jpg,4
5151.jpg,4
5157.jpg,4
5158.jpg,4
516.jpg,4
5162.jpg,4
5164.jpg,4
5174.jpg,4
5178.jpg,4
5179.jpg,4
5180.jpg,4
5181.jpg,4
5184.jpg,4
5187.jpg,4
5197.jpg,4
52.jpg,4
520.jpg,4
5200.jpg,4
5213.jpg,4
5218.jpg,4
522.jpg,4
5220.jpg,4
5227.jpg,4
5229.jpg,4
5230.jpg,4
5232.jpg,4
5236.jpg,4
5245.jpg,4
5249.jpg,4
5251.jpg,4
5254.jpg,4
5255.jpg,4
5259.jpg,4
5265.jpg,4
527.jpg,4
5274.jpg,4
5278.jpg,4
528.jpg,4
5282.jpg,4
5284.jpg,4
5288.jpg,4
5289.jpg,4
529.jpg,4
5293.jpg,4
5301.jpg,4
5303.jpg,4
531.jpg,4
5314.jpg,4
5315.jpg,4
5320.jpg,4
5322.jpg,4
5328.jpg,4
5336.jpg,4
5346.jpg,4
5355.jpg,4
536.jpg,4
5361.jpg,4
5364.jpg,4
5365.jpg,4
5366.jpg,4
5367.jpg,4
5370.jpg,4
5374.jpg,4
5375.jpg,4
5376.jpg,4
5379.jpg,4
5380.jpg,4
5383.jpg,4
5386.jpg,4
5389.jpg,4
5391.jpg,4
5394.jpg,4
5402.jpg,4
5403.jpg,4
5408.jpg,4
5409.jpg,4
5415.jpg,4
5420.jpg,4
5421.jpg,4
5427.jpg,4
5429.jpg,4
5430.jpg,4
544.jpg,4
5443.jpg,4
5445.jpg,4
5450.jpg,4
5455.jpg,4
5457.jpg,4
5458.jpg,4
546.jpg,4
5460.jpg,4
5466.jpg,4
5467.jpg,4
5469.jpg,4
5472.jpg,4
5473.jpg,4
5475.jpg,4
5476.jpg,4
5478.jpg,4
548.jpg,4
5480.jpg,4
5481.jpg,4
5486.jpg,4
549.jpg,4
5491.jpg,4
5493.jpg,4
5497.jpg,4
5499.jpg,4
5502.jpg,4
5503.jpg,4
5507.jpg,4
5509.jpg,4
5511.jpg,4
5520.jpg,4
5525.jpg,4
5527.jpg,4
5528.jpg,4
553.jpg,4
5537.jpg,4
5541.jpg,4
5545.jpg,4
5549.jpg,4
555.jpg,4
5550.jpg,4
5552.jpg,4
5553.jpg,4
5555.jpg,4
5558.jpg,4
5560.jpg,4
5562.jpg,4
5564.jpg,4
5567.jpg,4
557.jpg,4
5571.jpg,4
5580.jpg,4
5581.jpg,4
5585.jpg,4
5589.jpg,4
5595.jpg,4
5596.jpg,4
5598.jpg,4
560.jpg,4
5608.jpg,4
5609.jpg,4
561.jpg,4
5619.jpg,4
5620.jpg,4
5621.jpg,4
5623.jpg,4
563.jpg,4
5639.jpg,4
5640.jpg,4
5645.jpg,4
5646.jpg,4
5647.jpg,4
565.jpg,4
5651.jpg,4
5657.jpg,4
5659.jpg,4
5665.jpg,4
5667.jpg,4
5668.jpg,4
5671.jpg,4
568.jpg,4
5681.jpg,4
5685.jpg,4
5687.jpg,4
5689.jpg,4
5690.jpg,4
5693.jpg,4
5699.jpg,4
570.jpg,4
5702.jpg,4
5706.jpg,4
5718.jpg,4
572.jpg,4
5723.jpg,4
5725.jpg,4
5732.jpg,4
5733.jpg,4
5734.jpg,4
5736.jpg,4
5737.jpg,4
5739.jpg,4
5740.jpg,4
5745.jpg,4
5746.jpg,4
5749.jpg,4
575.jpg,4
5751.jpg,4
5756.jpg,4
5762.jpg,4
5765.jpg,4
5766.jpg,4
577.jpg,4
5773.jpg,4
5782.jpg,4
5787.jpg,4
579.jpg,4
5793.jpg,4
5796.jpg,4
5800.jpg,4
5802.jpg,4
5803.jpg,4
5806.jpg,4
5807.jpg,4
5813.jpg,4
5823.jpg,4
5826.jpg,4
5827.jpg,4
5830.jpg,4
5839.jpg,4
584.jpg,4
5841.jpg,4
5844.jpg,4
5847.jpg,4
5851.jpg,4
5854.jpg,4
5856.jpg,4
5857.jpg,4
5859.jpg,4
5862.jpg,4
5863.jpg,4
5864.jpg,4
5868.jpg,4
5871.jpg,4
5876.jpg,4
588.jpg,4
5881.jpg,4
5882.jpg,4
5887.jpg,4
5888.jpg,4
5889.jpg,4
5894.jpg,4
5896.jpg,4
5898.jpg,4
590.jpg,4
5901.jpg,4
5903.jpg,4
5909.jpg,4
591.jpg,4
5914.jpg,4
592.jpg,4
5929.jpg,4
593.jpg,4
5933.jpg,4
5934.jpg,4
5936.jpg,4
5942.jpg,4
5945.jpg,4
5951.jpg,4
5953.jpg,4
5954.jpg,4
5956.jpg,4
5957.jpg,4
5959.jpg,4
5961.jpg,4
5962.jpg,4
5966.jpg,4
5967.jpg,4
5969.jpg,4
5975.jpg,4
5979.jpg,4
598.jpg,4
5981.jpg,4
5982.jpg,4
5986.jpg,4
5987.jpg,4
5991.jpg,4
5993.jpg,4
5995.jpg,4
5996.jpg,4
5999.jpg,4
6.jpg,4
600.jpg,4
6001.jpg,4
601.jpg,4
6010.jpg,4
6013.jpg,4
6017.jpg,4
6025.jpg,4
6026.jpg,4
6027.jpg,4
6031.jpg,4
6039.jpg,4
6041.jpg,4
6047.jpg,4
605.jpg,4
6051.jpg,4
6058.jpg,4
6059.jpg,4
6062.jpg,4
6063.jpg,4
6066.jpg,4
6068.jpg,4
6069.jpg,4
607.jpg,4
6071.jpg,4
6074.jpg,4
6077.jpg,4
608.jpg,4
6082.jpg,4
6087.jpg,4
6089.jpg,4
609.jpg,4
6090.jpg,4
6093.jpg,4
6094.jpg,4
61.jpg,4
6108.jpg,4
6113.jpg,4
6116.jpg,4
6120.jpg,4
6121.jpg,4
6122.jpg,4
6133.jpg,4
6134.jpg,4
614.jpg,4
6140.jpg,4
6141.jpg,4
6145.jpg,4
6148.jpg,4
615.jpg,4
616.jpg,4
6162.jpg,4
6163.jpg,4
6164.jpg,4
6165.jpg,4
6168.jpg,4
6173.jpg,4
6176.jpg,4
6179.jpg,4
6181.jpg,4
6183.jpg,4
6185.jpg,4
6189.jpg,4
619.jpg,4
6191.jpg,4
6194.jpg,4
6198.jpg,4
6200.jpg,4
6202.jpg,4
6206.jpg,4
6207.jpg,4
6209.jpg,4
6211.jpg,4
6214.jpg,4
6217.jpg,4
6218.jpg,4
622.jpg,4
6228.jpg,4
6229.jpg,4
6234.jpg,4
6245.jpg,4
6246.jpg,4
6247.jpg,4
6248.jpg,4
6250.jpg,4
6251.jpg,4
6253.jpg,4
6255.jpg,4
6257.jpg,4
626.jpg,4
6288.jpg,4
629.jpg,4
6291.jpg,4
6292.jpg,4
6293.jpg,4
6296.jpg,4
6297.jpg,4
63.jpg,4
630.jpg,4
6300.jpg,4
6303.jpg,4
6304.jpg,4
6306.jpg,4
6308.jpg,4
6318.jpg,4
632.jpg,4
6320.jpg,4
6322.jpg,4
6329.jpg,4
633.jpg,4
6332.jpg,4
6333.jpg,4
6348.jpg,4
6349.jpg,4
6350.jpg,4
6351.jpg,4
6353.jpg,4
6357.jpg,4
6361.jpg,4
6362.jpg,4
6365.jpg,4
6371.jpg,4
6375.jpg,4
6376.jpg,4
638.jpg,4
6382.jpg,4
6390.jpg,4
6397.jpg,4
6399.jpg,4
64.jpg,4
6401.jpg,4
6403.jpg,4
6410.jpg,4
6415.jpg,4
6419.jpg,4
6423.jpg,4
6424.jpg,4
6427.jpg,4
6431.jpg,4
6435.jpg,4
6437.jpg,4
6438.jpg,4
6443.jpg,4
6444.jpg,4
6446.jpg,4
6448.jpg,4
645.jpg,4
6450.jpg,4
6451.jpg,4
6453.jpg,4
6459.jpg,4
646.jpg,4
6461.jpg,4
6462.jpg,4
6464.jpg,4
6475.jpg,4
6476.jpg,4
6478.jpg,4
6483.jpg,4
6484.jpg,4
6485.jpg,4
6488.jpg,4
6489.jpg,4
6491.jpg,4
6492.jpg,4
6493.jpg,4
6497.jpg,4
6500.jpg,4
6504.jpg,4
6513.jpg,4
6521.jpg,4
6529.jpg,4
653.jpg,4
6531.jpg,4
6534.jpg,4
6536.jpg,4
6539.jpg,4
6542.jpg,4
6546.jpg,4
6547.jpg,4
655.jpg,4
6554.jpg,4
6556.jpg,4
6557.jpg,4
6559.jpg,4
656.jpg,4
6571.jpg,4
6572.jpg,4
6574.jpg,4
6577.jpg,4
6579.jpg,4
6580.jpg,4
6581.jpg,4
6582.jpg,4
6593.jpg,4
6595.jpg,4
6596.jpg,4
660.jpg,4
6604.jpg,4
661.jpg,4
6611.jpg,4
6612.jpg,4
6614.jpg,4
6615.jpg,4
6617.jpg,4
6621.jpg,4
6622.jpg,4
6630.jpg,4
6639.jpg,4
6644.jpg,4
6647.jpg,4
6649.jpg,4
6650.jpg,4
6651.jpg,4
6658.jpg,4
6663.jpg,4
6665.jpg,4
667.jpg,4
6672.jpg,4
6674.jpg,4
6677.jpg,4
668.jpg,4
6681.jpg,4
6682.jpg,4
6688.jpg,4
6690.jpg,4
6692.jpg,4
6693.jpg,4
6696.jpg,4
6701.jpg,4
6707.jpg,4
671.jpg,4
6715.jpg,4
6717.jpg,4
672.jpg,4
6721.jpg,4
6724.jpg,4
6725.jpg,4
6727.jpg,4
6730.jpg,4
6732.jpg,4
6733.jpg,4
6738.jpg,4
6739.jpg,4
6749.jpg,4
6751.jpg,4
676.jpg,4
6764.jpg,4
6769.jpg,4
677.jpg,4
6772.jpg,4
6774.jpg,4
6777.jpg,4
6781.jpg,4
6783.jpg,4
6784.jpg,4
6785.jpg,4
6788.jpg,4
6794.jpg,4
6797.jpg,4
6800.jpg,4
6806.jpg,4
6807.jpg,4
6808.jpg,4
6811.jpg,4
6816.jpg,4
6819.jpg,4
682.jpg,4
6822.jpg,4
6832.jpg,4
6835.jpg,4
6840.jpg,4
6841.jpg,4
6846.jpg,4
6850.jpg,4
6855.jpg,4
6857.jpg,4
6860.jpg,4
6861.jpg,4
6862.jpg,4
6863.jpg,4
6872.jpg,4
6875.jpg,4
6879.jpg,4
6882.jpg,4
6885.jpg,4
689.jpg,4
6892.jpg,4
69.jpg,4
6900.jpg,4
6901.jpg,4
6904.jpg,4
6906.jpg,4
691.jpg,4
6916.jpg,4
6917.jpg,4
692.jpg,4
6920.jpg,4
6921.jpg,4
6922.jpg,4
6924.jpg,4
6925.jpg,4
6930.jpg,4
6931.jpg,4
6938.jpg,4
6941.jpg,4
6943.jpg,4
6948.jpg,4
695.jpg,4
6950.jpg,4
6951.jpg,4
6952.jpg,4
6957.jpg,4
6964.jpg,4
6965.jpg,4
6966.jpg,4
6974.jpg,4
6980.jpg,4
6988.jpg,4
6989.jpg,4
6992.jpg,4
6995.jpg,4
6999.jpg,4
70.jpg,4
700.jpg,4
7001.jpg,4
7005.jpg,4
7011.jpg,4
7013.jpg,4
7025.jpg,4
7028.jpg,4
7029.jpg,4
7034.jpg,4
7036.jpg,4
7043.jpg,4
7044.jpg,4
705.jpg,4
7050.jpg,4
7055.jpg,4
7066.jpg,4
7067.jpg,4
7068.jpg,4
7069.jpg,4
7070.jpg,4
7075.jpg,4
7077.jpg,4
7082.jpg,4
7088.jpg,4
7089.jpg,4
709.jpg,4
7092.jpg,4
7094.jpg,4
7099.jpg,4
7100.jpg,4
7104.jpg,4
7106.jpg,4
7107.jpg,4
7109.jpg,4
7110.jpg,4
7112.jpg,4
7115.jpg,4
7117.jpg,4
7119.jpg,4
7124.jpg,4
7130.jpg,4
7133.jpg,4
7137.jpg,4
7147.jpg,4
7148.jpg,4
7149.jpg,4
7153.jpg,4
7156.jpg,4
7158.jpg,4
7159.jpg,4
7160.jpg,4
7161.jpg,4
7162.jpg,4
7177.jpg,4
718.jpg,4
7182.jpg,4
7183.jpg,4
7186.jpg,4
7187.jpg,4
7190.jpg,4
7194.jpg,4
72.jpg,4
720.jpg,4
7208.jpg,4
7210.jpg,4
7211.jpg,4
7213.jpg,4
7217.jpg,4
7218.jpg,4
7219.jpg,4
7224.jpg,4
7230.jpg,4
7242.jpg,4
7243.jpg,4
7244.jpg,4
7249.jpg,4
7257.jpg,4
7260.jpg,4
7263.jpg,4
7266.jpg,4
7269.jpg,4
7270.jpg,4
7272.jpg,4
7273.jpg,4
7279.jpg,4
7280.jpg,4
7283.jpg,4
7295.jpg,4
7296.jpg,4
7299.jpg,4
73.jpg,4
7301.jpg,4
7304.jpg,4
7305.jpg,4
7310.jpg,4
7312.jpg,4
7315.jpg,4
7316.jpg,4
7317.jpg,4
732.jpg,4
7322.jpg,4
7329.jpg,4
7334.jpg,4
7335.jpg,4
734.jpg,4
7348.jpg,4
7349.jpg,4
7352.jpg,4
7353.jpg,4
7356.jpg,4
736.jpg,4
7362.jpg,4
7368.jpg,4
7371.jpg,4
7372.jpg,4
7376.jpg,4
7377.jpg,4
738.jpg,4
7381.jpg,4
7385.jpg,4
7389.jpg,4
7390.jpg,4
7391.jpg,4
7394.jpg,4
7395.jpg,4
740.jpg,4
7403.jpg,4
7405.jpg,4
7406.jpg,4
7407.jpg,4
7419.jpg,4
7422.jpg,4
7423.jpg,4
7426.jpg,4
7430.jpg,4
7432.jpg,4
7433.jpg,4
7434.jpg,4
7435.jpg,4
7438.jpg,4
7444.jpg,4
7446.jpg,4
745.jpg,4
7460.jpg,4
7465.jpg,4
7466.jpg,4
7467.jpg,4
7468.jpg,4
7472.jpg,4
7473.jpg,4
7476.jpg,4
7477.jpg,4
7480.jpg,4
7481.jpg,4
7483.jpg,4
7484.jpg,4
7486.jpg,4
7488.jpg,4
7489.jpg,4
7497.jpg,4
7504.jpg,4
7508.jpg,4
7510.jpg,4
7511.jpg,4
7513.jpg,4
7514.jpg,4
7515.jpg,4
7516.jpg,4
7517.jpg,4
7519.jpg,4
7521.jpg,4
7524.jpg,4
7526.jpg,4
7528.jpg,4
7534.jpg,4
7536.jpg,4
754.jpg,4
7540.jpg,4
7548.jpg,4
7554.jpg,4
7555.jpg,4
7557.jpg,4
7564.jpg,4
7566.jpg,4
7567.jpg,4
7568.jpg,4
7572.jpg,4
7575.jpg,4
7577.jpg,4
7579.jpg,4
7583.jpg,4
7589.jpg,4
7592.jpg,4
7597.jpg,4
76.jpg,4
760.jpg,4
7605.jpg,4
7606.jpg,4
7607.jpg,4
7608.jpg,4
761.jpg,4
7611.jpg,4
7613.jpg,4
7614.jpg,4
7619.jpg,4
7622.jpg,4
7623.jpg,4
7624.jpg,4
7631.jpg,4
7640.jpg,4
7643.jpg,4
7649.jpg,4
7650.jpg,4
7651.jpg,4
7657.jpg,4
766.jpg,4
7660.jpg,4
7661.jpg,4
7663.jpg,4
7670.jpg,4
7676.jpg,4
7680.jpg,4
7682.jpg,4
7684.jpg,4
7685.jpg,4
7688.jpg,4
7690.jpg,4
7691.jpg,4
7697.jpg,4
77.jpg,4
7705.jpg,4
7707.jpg,4
7714.jpg,4
7723.jpg,4
7729.jpg,4
7732.jpg,4
7733.jpg,4
7736.jpg,4
7737.jpg,4
7738.jpg,4
7739.jpg,4
774.jpg,4
7740.jpg,4
7743.jpg,4
7750.jpg,4
7752.jpg,4
7753.jpg,4
7757.jpg,4
7761.jpg,4
7762.jpg,4
7765.jpg,4
7766.jpg,4
7768.jpg,4
777.jpg,4
7770.jpg,4
7772.jpg,4
7776.jpg,4
7778.jpg,4
7779.jpg,4
7782.jpg,4
7783.jpg,4
7789.jpg,4
779.jpg,4
7792.jpg,4
7794.jpg,4
7796.jpg,4
7797.jpg,4
7800.jpg,4
7804.jpg,4
7808.jpg,4
7809.jpg,4
7811.jpg,4
7815.jpg,4
7817.jpg,4
7824.jpg,4
7830.jpg,4
7832.jpg,4
7835.jpg,4
7843.jpg,4
7844.jpg,4
785.jpg,4
7855.jpg,4
7857.jpg,4
7858.jpg,4
7862.jpg,4
7864.jpg,4
7866.jpg,4
7867.jpg,4
7869.jpg,4
787.jpg,4
7870.jpg,4
7871.jpg,4
7878.jpg,4
788.jpg,4
7880.jpg,4
7883.jpg,4
7887.jpg,4
7894.jpg,4
7895.jpg,4
7896.jpg,4
7898.jpg,4
79.jpg,4
7903.jpg,4
7904.jpg,4
7905.jpg,4
7907.jpg,4
7911.jpg,4
7917.jpg,4
7918.jpg,4
792.jpg,4
7920.jpg,4
7921.jpg,4
7923.jpg,4
7925.jpg,4
7933.jpg,4
7934.jpg,4
7938.jpg,4
794.jpg,4
7943.jpg,4
7945.jpg,4
7954.jpg,4
7957.jpg,4
7958.jpg,4
7964.jpg,4
7968.jpg,4
7969.jpg,4
797.jpg,4
7970.jpg,4
7974.jpg,4
7975.jpg,4
7976.jpg,4
7978.jpg,4
798.jpg,4
7983.jpg,4
7986.jpg,4
7987.jpg,4
7988.jpg,4
7989.jpg,4
799.jpg,4
7991.jpg,4
7995.jpg,4
8000.jpg,4
8002.jpg,4
8004.jpg,4
8007.jpg,4
8008.jpg,4
8010.jpg,4
8011.jpg,4
8012.jpg,4
8013.jpg,4
8015.jpg,4
8017.jpg,4
802.jpg,4
8020.jpg,4
8024.jpg,4
803.jpg,4
8030.jpg,4
8035.jpg,4
8037.jpg,4
8040.jpg,4
8046.jpg,4
8050.jpg,4
8052.jpg,4
8057.jpg,4
8059.jpg,4
806.jpg,4
8066.jpg,4
8067.jpg,4
8068.jpg,4
8071.jpg,4
8072.jpg,4
8075.jpg,4
8078.jpg,4
8079.jpg,4
8080.jpg,4
8082.jpg,4
8083.jpg,4
8085.jpg,4
8091.jpg,4
8094.jpg,4
8097.jpg,4
8099.jpg,4
81.jpg,4
8101.jpg,4
8106.jpg,4
8108.jpg,4
811.jpg,4
8110.jpg,4
8117.jpg,4
812.jpg,4
8123.jpg,4
8127.jpg,4
8128.jpg,4
8133.jpg,4
8134.jpg,4
8135.jpg,4
8141.jpg,4
8142.jpg,4
8144.jpg,4
8147.jpg,4
8149.jpg,4
8150.jpg,4
8154.jpg,4
8155.jpg,4
8157.jpg,4
8158.jpg,4
8160.jpg,4
8164.jpg,4
8167.jpg,4
8168.jpg,4
817.jpg,4
8173.jpg,4
8174.jpg,4
8175.jpg,4
8176.jpg,4
818.jpg,4
8180.jpg,4
8182.jpg,4
8184.jpg,4
8186.jpg,4
819.jpg,4
8190.jpg,4
8197.jpg,4
8215.jpg,4
8221.jpg,4
8226.jpg,4
8240.jpg,4
8247.jpg,4
8249.jpg,4
825.jpg,4
8251.jpg,4
8257.jpg,4
8258.jpg,4
826.jpg,4
8263.jpg,4
8264.jpg,4
8265.jpg,4
8267.jpg,4
8268.jpg,4
8270.jpg,4
8272.jpg,4
8279.jpg,4
828.jpg,4
8282.jpg,4
8284.jpg,4
8285.jpg,4
8286.jpg,4
8287.jpg,4
8288.jpg,4
8289.jpg,4
8290.jpg,4
830.jpg,4
8303.jpg,4
8305.jpg,4
831.jpg,4
8310.jpg,4
8315.jpg,4
8316.jpg,4
8317.jpg,4
8319.jpg,4
832.jpg,4
8320.jpg,4
8321.jpg,4
8325.jpg,4
8326.jpg,4
833.jpg,4
8330.jpg,4
8332.jpg,4
8339.jpg,4
8341.jpg,4
8347.jpg,4
8359.jpg,4
836.jpg,4
8361.jpg,4
8368.jpg,4
8369.jpg,4
837.jpg,4
8370.jpg,4
8378.jpg,4
8383.jpg,4
839.jpg,4
8391.jpg,4
8395.jpg,4
8398.jpg,4
84.jpg,4
8400.jpg,4
8401.jpg,4
8403.jpg,4
8405.jpg,4
841.jpg,4
8414.jpg,4
8416.jpg,4
8417.jpg,4
8423.jpg,4
8426.jpg,4
8429.jpg,4
8432.jpg,4
8440.jpg,4
8443.jpg,4
8449.jpg,4
8451.jpg,4
8454.jpg,4
8456.jpg,4
8461.jpg,4
8463.jpg,4
8464.jpg,4
8465.jpg,4
8467.jpg,4
8468.jpg,4
8476.jpg,4
8482.jpg,4
8483.jpg,4
8489.jpg,4
849.jpg,4
8490.jpg,4
8491.jpg,4
8493.jpg,4
8496.jpg,4
8504.jpg,4
8505.jpg,4
8506.jpg,4
8507.jpg,4
8508.jpg,4
8512.jpg,4
8516.jpg,4
8520.jpg,4
8522.jpg,4
8523.jpg,4
8524.jpg,4
8534.jpg,4
854.jpg,4
8546.jpg,4
8550.jpg,4
8551.jpg,4
8552.jpg,4
8555.jpg,4
8560.jpg,4
8568.jpg,4
8570.jpg,4
8572.jpg,4
8574.jpg,4
8576.jpg,4
8578.jpg,4
858.jpg,4
8582.jpg,4
8583.jpg,4
8586.jpg,4
8593.jpg,4
8597.jpg,4
8609.jpg,4
8614.jpg,4
862.jpg,4
8620.jpg,4
8625.jpg,4
863.jpg,4
8632.jpg,4
8638.jpg,4
8642.jpg,4
8645.jpg,4
8646.jpg,4
8649.jpg,4
8650.jpg,4
8651.jpg,4
8652.jpg,4
8654.jpg,4
8664.jpg,4
8665.jpg,4
8666.jpg,4
8667.jpg,4
8672.jpg,4
8675.jpg,4
8677.jpg,4
8678.jpg,4
8680.jpg,4
8681.jpg,4
870.jpg,4
8700.jpg,4
8704.jpg,4
8710.jpg,4
8715.jpg,4
8718.jpg,4
8721.jpg,4
8722.jpg,4
8726.jpg,4
8729.jpg,4
873.jpg,4
8730.jpg,4
8736.jpg,4
875.jpg,4
8753.jpg,4
8758.jpg,4
8759.jpg,4
8763.jpg,4
8765.jpg,4
8770.jpg,4
8772.jpg,4
8776.jpg,4
8781.jpg,4
8783.jpg,4
8784.jpg,4
8785.jpg,4
8789.jpg,4
8795.jpg,4
8799.jpg,4
88.jpg,4
8802.jpg,4
8804.jpg,4
8806.jpg,4
8808.jpg,4
8809.jpg,4
881.jpg,4
8812.jpg,4
8814.jpg,4
8815.jpg,4
8817.jpg,4
8820.jpg,4
8823.jpg,4
8828.jpg,4
8829.jpg,4
8833.jpg,4
8836.jpg,4
8839.jpg,4
8840.jpg,4
8846.jpg,4
8849.jpg,4
885.jpg,4
8851.jpg,4
8852.jpg,4
8853.jpg,4
8858.jpg,4
8865.jpg,4
8869.jpg,4
8873.jpg,4
8874.jpg,4
8875.jpg,4
8877.jpg,4
888.jpg,4
8887.jpg,4
8888.jpg,4
8892.jpg,4
8893.jpg,4
8894.jpg,4
890.jpg,4
8910.jpg,4
8911.jpg,4
8916.jpg,4
8917.jpg,4
8926.jpg,4
8929.jpg,4
8935.jpg,4
8936.jpg,4
8941.jpg,4
8943.jpg,4
8944.jpg,4
8945.jpg,4
8946.jpg,4
895.jpg,4
8951.jpg,4
8956.jpg,4
896.jpg,4
8967.jpg,4
8968.jpg,4
8969.jpg,4
8971.jpg,4
8972.jpg,4
8973.jpg,4
8979.jpg,4
8983.jpg,4
8986.jpg,4
8988.jpg,4
8989.jpg,4
8990.jpg,4
8992.jpg,4
8997.jpg,4
900.jpg,4
9001.jpg,4
9005.jpg,4
9010.jpg,4
902.jpg,4
9020.jpg,4
9021.jpg,4
9022.jpg,4
9024.jpg,4
9026.jpg,4
9027.jpg,4
9028.jpg,4
9030.jpg,4
9031.jpg,4
9038.jpg,4
9039.jpg,4
9041.jpg,4
9047.jpg,4
905.jpg,4
9052.jpg,4
9053.jpg,4
9056.jpg,4
9062.jpg,4
9063.jpg,4
9066.jpg,4
9075.jpg,4
9081.jpg,4
9082.jpg,4
9084.jpg,4
9085.jpg,4
9086.jpg,4
9092.jpg,4
9094.jpg,4
9098.jpg,4
9100.jpg,4
9101.jpg,4
9107.jpg,4
911.jpg,4
9110.jpg,4
9111.jpg,4
9113.jpg,4
9115.jpg,4
9121.jpg,4
9122.jpg,4
9123.jpg,4
9128.jpg,4
913.jpg,4
9130.jpg,4
9131.jpg,4
9132.jpg,4
9134.jpg,4
9136.jpg,4
9138.jpg,4
9139.jpg,4
9143.jpg,4
9144.jpg,4
9145.jpg,4
9150.jpg,4
9154.jpg,4
9161.jpg,4
9162.jpg,4
9165.jpg,4
9168.jpg,4
917.jpg,4
9170.jpg,4
9175.jpg,4
9177.jpg,4
9178.jpg,4
918.jpg,4
9181.jpg,4
9183.jpg,4
9187.jpg,4
919.jpg,4
9194.jpg,4
9197.jpg,4
920.jpg,4
9200.jpg,4
9203.jpg,4
9204.jpg,4
9205.jpg,4
9207.jpg,4
921.jpg,4
9210.jpg,4
9212.jpg,4
9215.jpg,4
9225.jpg,4
9226.jpg,4
9227.jpg,4
9235.jpg,4
9237.jpg,4
924.jpg,4
9240.jpg,4
9242.jpg,4
9244.jpg,4
9245.jpg,4
9247.jpg,4
9248.jpg,4
9254.jpg,4
9255.jpg,4
9257.jpg,4
9259.jpg,4
926.jpg,4
9261.jpg,4
9264.jpg,4
9265.jpg,4
9268.jpg,4
927.jpg,4
9270.jpg,4
9272.jpg,4
9280.jpg,4
9284.jpg,4
9288.jpg,4
9293.jpg,4
9294.jpg,4
9295.jpg,4
9296.jpg,4
93.jpg,4
930.jpg,4
9302.jpg,4
9303.jpg,4
9314.jpg,4
9315.jpg,4
9316.jpg,4
9318.jpg,4
9326.jpg,4
9328.jpg,4
9331.jpg,4
9333.jpg,4
9336.jpg,4
9337.jpg,4
9341.jpg,4
9347.jpg,4
935.jpg,4
9354.jpg,4
936.jpg,4
9361.jpg,4
9371.jpg,4
9373.jpg,4
9374.jpg,4
9379.jpg,4
9380.jpg,4
9382.jpg,4
9384.jpg,4
9386.jpg,4
939.jpg,4
9390.jpg,4
9391.jpg,4
9392.jpg,4
9397.jpg,4
9398.jpg,4
940.jpg,4
9402.jpg,4
9403.jpg,4
9405.jpg,4
9411.jpg,4
9414.jpg,4
9421.jpg,4
9424.jpg,4
9427.jpg,4
9428.jpg,4
9429.jpg,4
9431.jpg,4
9433.jpg,4
9435.jpg,4
9436.jpg,4
9437.jpg,4
9438.jpg,4
944.jpg,4
9440.jpg,4
9443.jpg,4
9451.jpg,4
9452.jpg,4
9453.jpg,4
9461.jpg,4
9465.jpg,4
9469.jpg,4
9470.jpg,4
9471.jpg,4
9476.jpg,4
9477.jpg,4
9479.jpg,4
948.jpg,4
9486.jpg,4
9488.jpg,4
949.jpg,4
9491.jpg,4
950.jpg,4
9500.jpg,4
9505.jpg,4
9508.jpg,4
9509.jpg,4
951.jpg,4
9511.jpg,4
9513.jpg,4
9515.jpg,4
952.jpg,4
9523.jpg,4
9524.jpg,4
9529.jpg,4
9538.jpg,4
9542.jpg,4
9543.jpg,4
9545.jpg,4
9546.jpg,4
9550.jpg,4
9552.jpg,4
9554.jpg,4
9556.jpg,4
9557.jpg,4
9559.jpg,4
9562.jpg,4
9565.jpg,4
957.jpg,4
9572.jpg,4
9582.jpg,4
9590.jpg,4
9591.jpg,4
9593.jpg,4
9594.jpg,4
9596.jpg,4
9598.jpg,4
9599.jpg,4
9607.jpg,4
961.jpg,4
9612.jpg,4
9614.jpg,4
9617.jpg,4
9618.jpg,4
9619.jpg,4
9623.jpg,4
9624.jpg,4
9626.jpg,4
9629.jpg,4
9630.jpg,4
9638.jpg,4
9640.jpg,4
9641.jpg,4
9651.jpg,4
9654.jpg,4
9660.jpg,4
9661.jpg,4
9665.jpg,4
9668.jpg,4
9677.jpg,4
9678.jpg,4
9679.jpg,4
9683.jpg,4
9688.jpg,4
9691.jpg,4
9694.jpg,4
9697.jpg,4
9700.jpg,4
9702.jpg,4
9710.jpg,4
9711.jpg,4
9712.jpg,4
9713.jpg,4
9721.jpg,4
9723.jpg,4
9724.jpg,4
9727.jpg,4
973.jpg,4
9730.jpg,4
9732.jpg,4
9735.jpg,4
9738.jpg,4
9743.jpg,4
9747.jpg,4
975.jpg,4
9765.jpg,4
9772.jpg,4
9775.jpg,4
9777.jpg,4
9783.jpg,4
9786.jpg,4
9790.jpg,4
9791.jpg,4
9792.jpg,4
9794.jpg,4
9795.jpg,4
9796.jpg,4
9802.jpg,4
9803.jpg,4
9804.jpg,4
9809.jpg,4
9816.jpg,4
9818.jpg,4
9823.jpg,4
9824.jpg,4
9826.jpg,4
9827.jpg,4
9828.jpg,4
9829.jpg,4
983.jpg,4
9834.jpg,4
9836.jpg,4
9837.jpg,4
9844.jpg,4
9845.jpg,4
9849.jpg,4
985.jpg,4
9854.jpg,4
9855.jpg,4
9858.jpg,4
9864.jpg,4
9865.jpg,4
987.jpg,4
9870.jpg,4
9873.jpg,4
9876.jpg,4
9882.jpg,4
9886.jpg,4
9887.jpg,4
9889.jpg,4
989.jpg,4
9897.jpg,4
99.jpg,4
9900.jpg,4
9902.jpg,4
9909.jpg,4
9914.jpg,4
9915.jpg,4
9917.jpg,4
9920.jpg,4
9933.jpg,4
9936.jpg,4
9939.jpg,4
9940.jpg,4
9945.jpg,4
9947.jpg,4
9949.jpg,4
995.jpg,4
9950.jpg,4
9954.jpg,4
996.jpg,4
9960.jpg,4
9963.jpg,4
9972.jpg,4
9973.jpg,4
9975.jpg,4
9976.jpg,4
9982.jpg,4
9986.jpg,4
9987.jpg,4
9988.jpg,4
9992.jpg,4
9993.jpg,4
9995.jpg,4
9996.jpg,4
